player_id,short_name,value_eur,age,dob,height_cm,league_name,club_name,club_position,nationality_name,shooting,passing,dribbling
271256,S. Ngoura,300000,17,22/02/05,185,Ligue 2,Le Havre,RES,France,54,40,50
239706,D. Erdoğan,1100000,24,22/08/96,182,Super Lig,Gaziantep F.K.,CM,Turkey,54,65,66
245694,A. Traoré,3200000,27,5/06/95,177,NB I.,Ferencváros,LAM,Mali,71,60,74
263168,T. Onyango,675000,18,4/03/03,196,Premier League,Everton,RES,England,46,59,56
209889,R. Guerreiro,27500000,28,22/12/93,170,Bundesliga,Borussia Dortmund,LB,Portugal,77,86,87
205433,A. Hahn,375000,28,20/01/93,187,3. Liga,Viktoria Berlin,SUB,Germany,40,47,51
235212,A. Hakimi,53500000,23,4/11/98,181,Ligue 1,Paris Saint Germain,RWB,Morocco,75,79,80
258151,V. Mastrantonio,400000,23,22/06/99,180,Serie B,Cittadella,SUB,Italy,44,59,58
263335,T. Loridan,275000,18,9/04/03,185,Ligue 2,Dunkerque,RES,France,29,33,37
248105,V. Ghiță,2100000,23,4/06/98,186,Ekstraklasa,Cracovia Kraków,LCB,Romania,44,48,49
260908,M. Kerkez,4200000,18,7/11/03,176,Eredivisie,AZ,LB,Hungary,48,63,70
246126,C. Mola,1800000,20,15/03/01,183,Bundesliga,VfB Stuttgart,RES,England,40,63,64
231521,E. Palacios,21500000,22,5/10/98,177,Bundesliga,Bayer 04 Leverkusen,SUB,Argentina,73,75,78
228942,D. Cools,1600000,25,4/06/96,184,Jupiler Pro League,Zulte-Waregem,SUB,Malaysia,57,65,66
252749,P. Akono,475000,21,29/06/00,182,Jupiler Pro League,AS Eupen,RES,Cameroon,48,55,60
263150,J. Meyer,475000,20,26/03/02,181,Bundesliga,VfB Stuttgart,RES,Germany,44,52,59
263777,J. Sangowski,350000,19,11/03/02,191,Ekstraklasa,Warta Poznań,RES,Poland,56,40,54
200061,A. Tutte,275000,30,21/09/90,175,League One,Bolton Wanderers,RES,England,53,60,62
258642,Nuno Lima,2400000,21,16/03/01,184,Liga Portugal,Paços de Ferreira,SUB,Portugal,31,41,43
262405,G. Burroughs,250000,18,21/09/02,191,Championship,Coventry City,RES,Scotland,24,37,37
254496,C. Grant,525000,19,23/07/01,178,League Two,Rochdale,LW,Republic of Ireland,54,58,62
242815,D. Fitz,2100000,22,16/06/99,175,Bundesliga,Austria Wien,RES,Austria,65,66,69
230214,Luis Paezinho,675000,26,29/02/96,182,Serie A,Santos,SUB,Brazil,35,47,42
210000,M. Gajos,825000,31,19/03/91,174,Ekstraklasa,Lechia Gdańsk,LDM,Poland,67,66,67
259356,C. Chukwuemeka,1800000,17,20/10/03,183,Premier League,Aston Villa,SUB,England,53,62,68
252830,Bruno Duarte,1800000,26,24/03/96,183,Pro League,Dhamk,ST,Brazil,68,61,67
268096,M. Steffen,230000,18,1/02/03,189,Eredivisie,Vitesse,RES,Netherlands,26,29,33
217047,A. Godoy,1300000,31,10/02/90,183,Major League Soccer,Nashville SC,RCM,Panama,55,64,66
242448,André Silva,1900000,24,3/06/97,177,Liga Portugal,Arouca,ST,Brazil,67,62,70
192320,G. Gardner,1200000,29,29/06/92,186,Championship,Birmingham City,LCM,England,67,69,65
234980,Y. Shakhov,1500000,30,30/11/90,189,Super League,AEK Athens,SUB,Ukraine,68,67,66
230295,Cris Laranjeiros,4700000,29,29/02/92,185,Serie A,Athletico PR,LCB,Brazil,54,61,64
272399,L. Agyekum,575000,18,23/11/03,174,Bundesliga,Salzburg,RES,Ghana,47,52,69
262994,B. McLean,160000,18,22/01/03,168,League One,Burton Albion,RES,England,41,43,48
241168,G. Chakvetadze,2200000,21,29/08/99,183,2. Bundesliga,Hamburger SV,SUB,Georgia,66,69,72
250935,J. Dixon,170000,20,7/02/01,181,League Two,Carlisle United,RES,England,46,51,57
268297,Gabriel Pereira,3100000,20,1/08/01,170,Major League Soccer,New York City,RM,Brazil,59,64,72
254719,C. Nuñez,900000,25,19/11/95,180,Primera División,Nacional Asunción,RCB,Paraguay,31,47,57
258210,N. Marichal,2900000,20,17/03/01,184,Primera Division,Nacional,LCB,Uruguay,30,48,55
190535,Míchel,1400000,33,29/07/88,182,La Liga 2,Tenerife,SUB,Spain,66,78,72
234824,Y. Wissa,6500000,25,3/09/96,176,Premier League,Brentford,LW,Congo DR,74,65,76
229654,Gerard Valentín,1900000,28,28/07/93,177,La Liga 2,Huesca,SUB,Spain,53,59,78
211978,S. Hoare,625000,27,15/03/94,189,Premier Division,Shamrock Rovers,RCB,Republic of Ireland,35,50,56
211325,A. Schiavone,725000,28,25/02/93,180,Serie A,Salernitana,SUB,Italy,66,65,67
241708,M. Sagnan,4900000,22,14/04/99,187,Liga Portugal,Tondela,LCB,France,32,56,56
261296,M. Emilsen,375000,18,8/06/03,186,Eliteserien,Vålerenga,SUB,Norway,36,49,52
168651,I. Rakitić,14000000,34,10/03/88,184,La Liga,Sevilla,LCM,Croatia,80,86,78
269283,O. Saeed,275000,23,29/01/99,174,Pro League,Al Ain,RES,United Arab Emirates,34,44,52
221312,A. Pérez,1700000,27,25/03/94,181,Super Lig,Giresunspor,LCB,Colombia,33,53,58
189148,J. Murphy,700000,31,28/08/89,178,League Two,Mansfield Town,CAM,Scotland,63,63,67
208830,J. Vardy,33000000,34,11/01/87,179,Premier League,Leicester City,SUB,England,84,70,80
234322,Park Byung Hyun,190000,28,28/03/93,184,K League 1,Daegu,LCB,Korea Republic,28,47,42
263398,P. Sciortino,700000,17,5/11/03,177,Ligue 1,Olympique Marseille,RES,France,42,54,53
246351,Valery,3100000,21,23/11/99,182,La Liga 2,Girona,SUB,Spain,61,62,70
181681,S. Williams,240000,34,19/10/86,183,League One,Portsmouth,SUB,Republic of Ireland,62,65,60
232432,L. Jović,25500000,24,23/12/97,181,Serie A,Fiorentina,SUB,Serbia,78,68,78
258611,K. Spinelli,110000,18,3/12/02,188,League One,Accrington Stanley,RES,Italy,49,37,46
237494,O. Gnjatić,1000000,29,16/10/91,190,2. Bundesliga,Erzgebirge Aue,SUB,Bosnia and Herzegovina,40,56,59
191944,Kim Sung Joon,525000,33,8/04/88,174,K League 1,Ulsan,SUB,Korea Republic,61,67,65
238126,Guridi,4800000,27,28/02/95,179,La Liga 2,Deportivo Alavés,CAM,Spain,64,69,77
191043,Alex Sandro,22000000,30,26/01/91,180,Serie A,Juventus,LB,Brazil,65,75,78
235656,W. Al Anazi,275000,26,19/12/94,165,Pro League,Dhamk,SUB,Saudi Arabia,52,60,62
251569,Joel López,825000,19,31/03/02,179,Premier League,Arsenal,RES,Spain,46,51,59
245024,Wang Shilong,110000,20,7/03/01,177,Super League,Guangzhou Evergrande,SUB,China PR,26,27,33
193945,N. Uysal,1200000,30,24/01/91,180,Super Lig,Beşiktaş,RCB,Turkey,56,62,64
220969,N. Eliasson,2800000,25,7/12/95,176,Ligue 2,Nîmes,LM,Sweden,61,68,75
237207,S. Kalu,4400000,23,26/08/97,177,Premier League,Watford,RES,Nigeria,65,68,76
263119,F. Agüero,450000,26,21/01/95,189,Liga Profesional,Unión Santa Fe,SUB,Argentina,23,29,30
229901,H. Souttar,3200000,23,22/10/98,200,Championship,Stoke City,SUB,Australia,28,50,58
247898,A. Longher,375000,21,8/06/00,177,Liga 1,Academica Clinceni,SUB,Romania,51,51,58
263210,D. Toma,550000,21,22/04/00,176,Liga 1,Mioveni,SUB,Romania,46,57,57
228889,J. McGing,350000,27,22/05/94,184,A-League,Macarthur,LWB,Australia,37,51,55
222051,Kim Dae Jung,350000,28,13/10/92,188,K League 1,Incheon United,RES,Korea Republic,47,45,48
225071,B. Whiteman,2600000,25,17/06/96,185,Championship,Preston North End,LCM,England,64,69,70
230224,Juli Freitinho,6000000,21,29/02/00,192,Serie A,Bahia,RCB,Brazil,46,56,54
242751,H. Carter,1800000,21,17/12/99,188,League One,Portsmouth,RB,England,40,55,60
228717,Y. Mutō,2400000,28,15/07/92,179,J-League,Vissel Kobe,SUB,Japan,71,66,75
216464,A. Browne,2500000,27,15/04/95,173,Championship,Preston North End,RCM,Republic of Ireland,69,69,71
201505,David López,9000000,32,9/10/89,183,La Liga,Girona,LCB,Spain,58,70,65
212041,M. Ingebrigtsen,550000,24,21/07/96,170,Eliteserien,Odd,SUB,Norway,62,54,66
192715,Juanpe,1300000,31,30/04/91,190,La Liga,Girona,LCB,Spain,37,55,49
244757,A. Schott,1800000,22,17/01/00,174,Liga Profesional,Colón,SUB,Argentina,45,57,68
175895,V. Odjidja-Ofoe,3500000,33,21/02/89,185,Jupiler Pro League,Gent,RCM,Belgium,71,76,74
240471,F. Gorriarán,12500000,26,27/11/94,168,Liga MX,Santos Laguna,LCM,Uruguay,69,75,77
192546,E. Stevens,2000000,30,9/07/90,183,Championship,Sheffield United,LWB,Republic of Ireland,45,64,70
178091,S. Okaka,4600000,32,9/08/89,186,Super Lig,İstanbul Başakşehir,ST,Italy,74,60,70
218341,J. Elez,1800000,28,25/04/94,189,1. HNL,Hajduk Split,LCB,Croatia,60,68,63
247658,R. Al Hajj,1400000,19,17/09/01,180,Eredivisie,SC Heerenveen,SUB,Sweden,53,63,66
240890,C. Hargreaves,200000,22,4/12/98,178,League Two,Bristol Rovers,RES,England,42,55,59
176542,C. Valencia,475000,37,13/07/84,175,Liga BetPlay,Junior,ST,Colombia,71,58,67
193113,T. Jänicke,450000,33,16/03/89,176,3. Liga,Saarbrücken,RM,Germany,56,65,68
264008,W. Kechrida,875000,25,5/11/95,184,Serie A,Salernitana,SUB,Tunisia,34,50,60
251002,S. Conteh,800000,24,20/07/96,178,3. Liga,Magdeburg,SUB,Germany,56,51,65
216377,S. Kutschke,700000,32,3/11/88,194,2. Bundesliga,Ingolstadt,RS,Germany,68,45,53
148403,Luíz Carlos,600000,36,5/07/85,175,Liga Portugal,Paços de Ferreira,RCM,Brazil,67,68,68
228093,M. Thuram,22000000,23,6/08/97,192,Bundesliga,Borussia Mönchengladbach,SUB,France,78,71,78
241038,K. Bennetts,975000,22,9/03/99,179,Bundesliga,Borussia Mönchengladbach,SUB,England,57,60,68
247447,O. Antman,1900000,20,15/08/01,175,Superliga,Nordsjælland,SUB,Finland,63,59,68
246650,N. Sommer,925000,23,2/04/98,179,3. Liga,Waldhof Mannheim,SUB,Germany,38,57,63
264387,Pedro,1300000,21,30/03/00,198,Eredivisie,NEC,SUB,Spain,67,52,53
173160,N. Viola,1500000,32,12/10/89,180,Serie B,Cagliari,SUB,Italy,64,75,72
245574,A. Al Dakheel,240000,25,26/05/96,184,Pro League,Al Hazm,SUB,Saudi Arabia,24,46,41
232412,E. Adams,950000,25,15/01/96,178,League Two,Forest Green Rovers,RCM,Gambia,58,60,66
208771,G. Buckley,350000,27,19/08/93,185,Premier Division,Sligo Rovers,LCB,Republic of Ireland,58,61,60
231478,L. Martínez,98500000,24,22/08/97,174,Serie A,Inter,LS,Argentina,83,72,85
227549,R. Arias,2000000,28,27/07/92,180,Primera Division,Peñarol,LCB,Uruguay,30,43,53
260092,C. Schiavone,800000,21,12/07/00,183,Primera Division,Metropolitanos,RES,Venezuela,61,60,61
256658,J. Ngankam,2700000,20,20/07/00,182,Bundesliga,SpVgg Greuther Fürth,SUB,Germany,67,59,69
214384,F. Aguilar,2000000,29,20/01/93,190,Liga Profesional,Lanús,SUB,Colombia,40,48,49
199347,T. Beermann,1100000,30,10/12/90,188,3. Liga,Osnabrück,SUB,Germany,39,48,43
252059,S. Abdul Samed,2200000,21,26/03/00,180,Ligue 1,Clermont,SUB,Ghana,46,59,65
240053,R. Aabid,1600000,29,19/01/92,178,Super Lig,Kasımpaşa,SUB,France,60,71,73
160089,B. Cespeda,1600000,30,29/02/92,178,Liga Pro,LDU Quito,LCM,Ecuador,55,69,67
252526,D. Males,2700000,21,3/05/01,188,Super League,Basel,RW,Switzerland,65,64,70
254849,Y. Badji,2200000,19,20/12/01,192,Jupiler Pro League,Sporting Charleroi,LS,Senegal,64,52,65
202316,T. Chandler,2500000,31,29/03/90,187,Bundesliga,Eintracht Frankfurt,RES,United States,69,72,71
228332,H. Choudhury,3800000,23,1/10/97,178,Premier League,Leicester City,RES,England,45,62,66
186977,O. Merlo,525000,34,12/06/87,185,Primera Division,Sporting Cristal,LCB,Argentina,35,51,45
242994,K. Kesgin,1600000,21,5/11/00,176,Super Lig,Beşiktaş,SUB,Turkey,64,63,70
266126,Murilo,650000,26,2/12/95,180,Veikkausliiga,HJK,SUB,Brazil,57,61,62
261304,A. Montgomery,875000,18,18/07/02,173,Premiership,Aberdeen,SUB,Scotland,54,57,67
244486,M. Eskihellaç,1400000,24,5/05/97,175,Super Lig,Yeni Malatyaspor,RM,Turkey,57,61,68
232161,R. Tranberg,425000,28,6/02/93,186,Allsvenskan,Varberg BoIS,RW,Sweden,51,59,61
269981,T. Weber,230000,27,24/06/95,187,3. Liga,Bayreuth,SUB,Germany,31,45,40
175943,D. Mertens,18000000,35,6/05/87,169,Super Lig,Galatasaray,CF,Belgium,81,80,87
226387,A. Bengtsson,375000,25,22/02/96,188,Allsvenskan,Halmstad,LB,Sweden,48,54,59
190637,I. Armaș,400000,33,14/07/87,194,Liga 1,Voluntari,LCB,Moldova,39,49,39
182037,Yao Hanlin,45000,36,16/04/85,175,Super League,Wuhan Zall,LCM,China PR,56,62,55
253505,Rahul KP,325000,22,16/03/00,167,Super League,Kerala Blasters,SUB,India,52,45,58
238190,J. Castillo,925000,21,13/01/00,175,League One,Charlton Athletic,RES,Netherlands,53,58,63
268293,E. Camargo,700000,19,4/01/02,180,Liga BetPlay,Deportivo Cali,RDM,Colombia,58,61,59
111503,C. Ben Saada,110000,37,1/07/84,176,Ligue 2,Bastia,SUB,Tunisia,60,65,63
242160,M. Lode,1800000,28,11/03/93,185,2. Bundesliga,Schalke 04,RB,Norway,38,57,65
245719,A. Groiß,675000,23,1/07/98,189,3. Liga,Saarbrücken,SUB,Germany,44,51,52
264548,M. Gil,525000,20,28/02/02,169,Liga De Futbol Prof,Guabirá,SUB,Bolivia,46,54,58
230366,Silvosinho,3100000,25,29/02/96,177,Serie A,Santos,RB,Brazil,54,64,64
266792,V. Dican,500000,20,11/10/00,189,Liga 1,Botoşani,CDM,Romania,51,50,54
185260,D. Kadah,425000,35,2/03/86,188,Super Lig,Altay,SUB,Turkey,67,65,67
183346,F. Frei,1600000,32,8/01/89,183,Super League,Basel,RCB,Switzerland,69,70,69
263962,J. Szymański,325000,18,5/07/02,189,Ekstraklasa,Górnik Zabrze,SUB,Poland,28,32,34
266303,A. Abdulai,240000,18,9/12/02,183,Championship,Swansea City,RES,England,32,52,51
232104,D. James,16000000,23,10/11/97,171,Premier League,Leeds United,ST,Wales,70,69,76
266850,J. De Los Santos,950000,19,22/02/03,174,Primera Division,River Plate,SUB,Uruguay,61,50,62
158023,L. Messi,69500000,34,24/06/87,169,Ligue 1,Paris Saint Germain,RW,Argentina,90,91,95
216820,M. Simon,12500000,25,12/07/95,168,Ligue 1,Nantes,LW,Nigeria,70,69,81
188337,M. Wakaso,1800000,30,25/07/90,171,Super League,Shenzhen,RCM,Ghana,69,69,72
221695,G. Donsah,2300000,25,17/06/96,174,Super Lig,Yeni Malatyaspor,RCM,Ghana,63,69,71
256725,Fábio Carvalho,10000000,19,30/08/02,170,Premier League,Liverpool,SUB,Portugal,68,68,77
263625,W. Ackx,450000,19,5/05/02,167,Jupiler Pro League,Cercle Brugge,RES,Belgium,53,49,64
259265,M. Batna,1600000,31,27/06/90,184,Pro League,Al Fateh,RW,Morocco,71,70,73
242194,C. Almeida,750000,31,25/12/89,170,Primera Division,Nacional,SUB,Uruguay,42,58,60
243932,D. Philipp,1100000,22,10/04/00,180,3. Liga,Viktoria Köln,CAM,Germany,61,57,67
257896,N. Patterson,1900000,19,16/10/01,183,Premier League,Everton,RES,Scotland,44,57,63
196432,E. Pérez,2800000,36,22/02/86,178,Liga Profesional,River Plate,CDM,Argentina,65,75,76
227278,G. Berggren,1200000,24,7/09/97,187,Ekstraklasa,Raków Częstochowa,SUB,Sweden,47,57,58
170305,C. Skuse,140000,35,29/03/86,185,League Two,Colchester United,LDM,England,52,59,58
261026,S. Vargas,700000,19,17/01/02,175,Primera División,Nacional Asunción,RES,Paraguay,40,57,63
263100,M. Talent-Aryeetey,220000,18,10/09/02,171,Championship,Reading,RES,England,44,50,59
258575,E. Agbadou,2600000,24,17/06/97,192,Jupiler Pro League,AS Eupen,CB,Côte d'Ivoire,47,50,57
244963,Ivanildo Fernandes,2500000,25,26/03/96,193,Liga Portugal,Vizela,LCB,Portugal,28,47,48
248748,A. Ocampo-Chavez,250000,19,25/03/02,176,Major League Soccer,Seattle Sounders,RES,United States,54,43,57
255941,N. Smith,300000,20,15/12/00,182,A-League,Central Coast Mariners,LM,Australia,35,45,53
272708,P. Madanha,300000,17,5/08/04,183,A-League,Adelaide United,RES,Australia,50,46,54
230303,Marcelo Vildeia,650000,25,29/02/96,172,Serie A,Grêmio,SUB,Brazil,62,49,69
246186,Arthur Cabral,17000000,23,25/04/98,186,Serie A,Fiorentina,SUB,Brazil,77,63,74
248183,V. Yuel,450000,26,12/10/94,182,A-League,Newcastle Jets,SUB,South Sudan,59,54,62
228061,M. Bali,210000,31,27/10/89,175,Super League,Qingdao Hainiu,RS,China PR,57,57,59
235243,M. de Ligt,71000000,21,12/08/99,189,Serie A,Juventus,RCB,Netherlands,59,61,69
245125,P. Plewka,1000000,21,2/01/00,174,Ekstraklasa,Wisła Kraków,SUB,Poland,51,57,60
226380,Hwang Hee Chan,12500000,25,26/01/96,177,Premier League,Wolverhampton Wanderers,LW,Korea Republic,75,70,78
208892,S. Byram,2300000,27,16/09/93,183,Premier League,Norwich City,SUB,England,58,64,70
216730,S. Gregersen,2100000,27,17/05/95,192,Ligue 2,Bordeaux,RCB,Norway,44,50,46
176841,L. Jutkiewicz,550000,33,28/03/89,185,Championship,Birmingham City,SUB,England,63,57,62
242402,A. Eisa,475000,25,5/01/96,180,League Two,Bradford City,RES,Sudan,55,53,64
202841,J. Carroll,625000,29,11/08/91,183,Premiership,Motherwell,SUB,Republic of Ireland,39,62,59
242181,Neto Borges,2600000,24,13/09/96,183,Liga Portugal,Tondela,LWB,Brazil,50,64,71
192231,J. Edwards,750000,31,31/10/90,173,League One,Plymouth Argyle,RWB,England,58,62,65
270834,A. Rebbach,925000,23,11/08/98,176,La Liga 2,Deportivo Alavés,SUB,Algeria,69,59,69
224915,S. Wright,1700000,23,8/08/97,175,Premiership,Rangers,RW,Scotland,61,61,72
231745,L. Dimata,4200000,23,1/09/97,185,La Liga,Espanyol,SUB,Belgium,71,64,70
247246,K. Thuram,16500000,20,26/03/01,192,Ligue 1,Nice,LCM,France,69,73,77
260217,O. Heil,875000,20,27/11/00,168,Eredivisie,Go Ahead Eagles,SUB,Germany,54,55,67
263504,B. Leyes,1600000,20,30/10/01,173,Liga Profesional,Godoy Cruz,SUB,Argentina,52,59,68
251819,J. Neufville,275000,21,15/06/00,183,Championship,Luton Town,RES,England,53,36,52
262761,Y. Ozaki,350000,17,26/07/03,185,J-League,Vissel Kobe,RES,Japan,30,40,45
182362,Tan Wangsong,60000,35,19/12/85,180,Super League,Tianjin Teda,LB,China PR,54,56,56
228236,S. Deli,2500000,30,27/10/91,192,Super Lig,Adana Demirspor,SUB,Côte d'Ivoire,46,51,63
245384,P. Christiansen,550000,21,2/12/99,175,Superliga,SønderjyskE,LW,Denmark,58,44,64
200108,N. Boilesen,2000000,29,16/02/92,186,Superliga,København,LCB,Denmark,50,66,68
234293,A. Tanaka,450000,33,4/10/87,167,Veikkausliiga,HJK,SUB,Japan,58,62,67
191572,Zheng Zheng,775000,32,11/07/89,186,Super League,Shandong Luneng,SUB,China PR,57,67,65
252749,P. Akono,475000,21,29/06/00,182,Jupiler Pro League,AS Eupen,RES,Cameroon,48,55,60
228638,B. Stevenson,1100000,24,23/03/97,182,League Two,Forest Green Rovers,SUB,England,61,64,65
262479,Rubén Sánchez,3800000,21,4/02/01,185,La Liga,Espanyol,SUB,Spain,56,62,68
265178,Matheus Bueno,950000,22,30/07/98,178,Liga Portugal,Gil Vicente,SUB,Brazil,58,63,67
229319,J. Cádiz,1700000,26,29/07/95,191,Liga Portugal,Famalicão,SUB,Venezuela,68,53,68
190362,T. Pukki,4800000,31,29/03/90,180,Premier League,Norwich City,ST,Finland,75,62,74
237700,T. Kehinde,2100000,23,18/06/98,178,Superliga,Randers,RM,Nigeria,58,62,72
255916,Kim Min Gyu,170000,22,25/11/99,188,K League 1,Pohang Steelers,RES,Korea Republic,22,27,28
200667,M. Power,1200000,28,27/07/93,181,Championship,Wigan Athletic,LDM,England,65,68,66
234930,Pedro Rebocho,2500000,27,23/01/95,172,Ekstraklasa,Lech Poznań,LB,Portugal,57,68,72
248166,L. Johnsen,2300000,21,18/08/99,179,Superliga,Randers,RCM,Norway,53,63,66
269124,Liao Lei,70000,22,1/03/99,180,Super League,Shenzhen,RES,China PR,29,34,42
260708,M. García,2000000,22,25/08/98,175,Liga Profesional,Sarmiento,SUB,Argentina,44,59,67
205972,R. Bentancourt,1000000,28,2/03/93,184,Primera Division,Peñarol,SUB,Uruguay,67,52,62
204348,J. Allansson,400000,28,3/11/92,174,Allsvenskan,Halmstad,RCM,Sweden,49,62,65
244523,Javi Hernández,1900000,24,2/05/98,182,La Liga,Girona,RES,Spain,47,61,63
243125,S. Strand,1200000,29,25/05/93,175,Allsvenskan,Elfsborg,SUB,Sweden,31,56,63
227633,B. Ramselaar,5000000,26,29/06/96,178,Eredivisie,FC Utrecht,RES,Netherlands,71,69,76
186651,G. Vural,825000,33,11/06/88,177,Super Lig,Antalyaspor,LB,Turkey,67,69,73
208645,J. Moore-Taylor,750000,27,24/01/94,180,League Two,Forest Green Rovers,CB,England,36,57,56
240395,Chen Quanjiang,325000,20,10/07/00,175,Super League,Guangzhou Evergrande,SUB,China PR,25,39,51
266683,J. Castellano,120000,17,22/03/04,176,Major League Soccer,New York RB,RES,Venezuela,42,51,55
244279,B. Ekincier,550000,23,24/03/99,181,3. Liga,Waldhof Mannheim,SUB,Azerbaijan,57,57,61
252935,L. Fernández,12500000,22,8/11/98,166,Liga MX,Toluca,RM,Uruguay,75,74,75
245084,M. Busi,2400000,21,14/10/99,182,Ligue 1,Reims,SUB,Belgium,49,63,68
248178,B. Singh,275000,26,10/03/95,172,Super League,Mumbai City,LM,India,50,52,58
184980,I. Bermingham,170000,32,16/06/89,177,Premier Division,St Patrick's,SUB,Republic of Ireland,50,55,56
251549,A. Assal,1400000,20,21/01/02,162,League Two,AFC Wimbledon,LM,Morocco,59,61,68
246837,N. Almas,300000,22,18/01/00,177,Pro League,Al Feiha,RES,Saudi Arabia,26,34,37
205005,L. Droppa,500000,33,22/04/89,183,Liga 1,Voluntari,RCM,Czech Republic,56,59,60
254225,Anderson Oliveira,1900000,22,16/07/98,171,Liga Portugal,Portimonense,SUB,Brazil,60,60,73
257147,R. Malone,800000,28,11/08/92,188,2. Bundesliga,Hansa Rostock,RCB,United States,30,45,42
244661,Vitinho,2600000,22,23/07/99,175,Championship,Burnley,SUB,Brazil,40,60,73
264468,B. Brooks,200000,18,15/02/04,178,League One,Lincoln City,RES,Republic of Ireland,45,52,56
221498,H. Al Mansour,525000,28,19/05/93,178,Pro League,Al Nassr,RES,Saudi Arabia,56,60,62
248688,O. Cooper,1300000,21,14/12/99,174,League Two,Newport County,SUB,Wales,54,62,66
268325,T. van Assema,130000,19,31/01/02,187,Allsvenskan,IFK Göteborg,SUB,Sweden,23,32,36
254877,D. Tono,1600000,22,1/03/99,166,J-League,Kawasaki Frontale,SUB,Japan,69,61,70
235397,N. Freeman,500000,25,7/11/95,180,League One,Wycombe Wanderers,SUB,England,57,62,65
227982,Jang Yun Ho,675000,24,25/08/96,178,K League 1,Jeonbuk Motors,RES,Korea Republic,55,62,61
228136,J. Castro,675000,24,13/01/97,175,Liga BetPlay,La Equidad,RB,Colombia,29,53,59
264461,B. Ciepiela,400000,20,24/05/01,182,Ekstraklasa,Legia Warszawa,RES,Poland,49,55,60
179528,Xavi Torres,850000,35,21/11/86,182,La Liga 2,Lugo,CDM,Spain,60,69,64
232682,A. Al Suwat,375000,26,21/04/95,166,Pro League,Al Faisaly,SUB,Saudi Arabia,57,58,65
235317,J. Mosquera,4700000,31,6/06/90,185,Fortuna Liga,Viktoria Plzeň,LM,Colombia,70,70,75
212912,Park Ji Soo,1600000,28,14/06/94,187,K League 1,Sangju Sangmu,RCB,Korea Republic,49,57,60
232603,K. Yoshino,825000,26,8/11/94,182,J-League,Vegalta Sendai,LCB,Japan,23,45,49
252226,M. Rostkowski,325000,21,10/08/00,176,Ekstraklasa,Górnik Zabrze,RES,Poland,44,51,57
231913,F. Aursnes,8500000,25,10/12/95,179,Eredivisie,Feyenoord,RCM,Norway,65,74,76
263492,G. Dănuleasă,350000,18,8/05/03,187,Liga 1,SSC Farul,RES,Romania,24,36,37
262140,Carlos Domínguez,2500000,20,11/02/01,187,La Liga,Celta de Vigo,SUB,Spain,28,52,48
232888,Chen Zhechao,240000,27,19/04/95,175,Super League,Meizhou Hakka,LB,China PR,35,52,54
237769,K. Kitagawa,1000000,24,26/07/96,180,Bundesliga,Rapid Vienna,SUB,Japan,63,49,70
230263,Adeilson Gesser,1600000,29,29/02/92,175,Serie A,Bahia,SUB,Brazil,58,67,72
230703,A. Karo,1100000,24,9/09/96,190,1. Division,APOEL,LCB,Cyprus,34,45,53
227509,E. Ómarsson,1200000,27,18/01/95,180,Ligue 2,Nîmes,SUB,Iceland,64,54,68
258652,Rubén Pulido,575000,20,2/09/00,184,La Liga 2,Fuenlabrada,RCB,Spain,37,49,55
251585,J. Mary,1200000,28,9/03/93,181,Pro League,Al Shabab,ST,Cameroon,66,52,64
254246,D. Rivera,750000,18,8/12/02,178,Major League Soccer,New England,RES,United States,54,52,67
244133,A. Rossipal,875000,25,6/06/96,184,3. Liga,Waldhof Mannheim,LB,Germany,45,57,60
239545,J. Godínez,850000,24,20/01/97,183,Liga MX,Querétaro,SUB,Mexico,61,54,62
224094,J. Bachmann,1500000,26,6/05/96,196,2. Bundesliga,Sandhausen,CAM,Germany,55,58,57
244491,C. Kobald,1900000,23,18/08/97,186,2. Bundesliga,Karlsruher SC,LCB,Austria,26,54,54
242946,D. Afolayan,1900000,23,11/09/97,180,League One,Bolton Wanderers,CAM,England,64,59,71
201901,C. Winchester,750000,29,12/04/93,178,League One,Shrewsbury Town,SUB,Northern Ireland,61,64,66
232017,A. Alfaro,550000,29,15/06/93,188,Major League Soccer,DC United,RES,Mexico,25,45,52
242635,I. Ogbu,2600000,21,8/02/00,187,Eliteserien,Lillestrøm,CB,Nigeria,39,53,57
216232,G. Kilota,1500000,27,2/01/94,171,Jupiler Pro League,RFC Seraing,LM,France,60,62,73
212096,V. Grifo,21000000,28,7/04/93,180,Bundesliga,SC Freiburg,LM,Italy,75,80,81
202754,C. Râpă,600000,32,16/01/90,180,Ekstraklasa,Cracovia Kraków,SUB,Romania,49,58,58
236192,Claudio Silbeiro,1100000,26,29/02/96,182,Serie A,Cuiabá,SUB,Brazil,68,49,66
194201,P. Jansson,4600000,30,13/02/91,194,Premier League,Brentford,RCB,Sweden,42,54,61
210282,Bruno Peres,4100000,31,1/03/90,178,Super Lig,Trabzonspor,RB,Brazil,63,68,74
259835,Robson,925000,28,28/09/92,178,Liga De Futbol Prof,Wilstermann,SUB,Brazil,35,52,44
179931,C. Avinel,450000,34,11/09/86,187,Ligue 2,Ajaccio,SUB,France,46,51,46
266290,S. Lagerlund,275000,19,14/09/02,186,Allsvenskan,Häcken,SUB,Sweden,23,34,37
192123,C. Wood,10500000,29,7/12/91,191,Premier League,Newcastle United,ST,New Zealand,77,60,70
261085,A. Ndour,525000,23,1/10/97,183,Eliteserien,Haugesund,RM,Senegal,59,50,63
271669,Juan Larios,600000,18,12/01/04,170,Premier League,Southampton,RES,Spain,36,49,60
220965,A. Tahiri,1400000,27,15/05/95,179,Eredivisie,SC Heerenveen,SUB,Morocco,58,70,71
254303,I. Elmkies,850000,22,10/03/00,172,Bundesliga,TSG Hoffenheim,RES,Israel,48,61,62
262663,K. Ezekwem,1000000,20,19/06/01,187,Bundesliga,SC Freiburg,SUB,Germany,33,54,60
232671,L. Putaro,975000,24,7/01/97,187,3. Liga,Verl,SUB,Germany,63,56,67
186881,J. Holland,700000,33,15/05/89,182,Bundesliga,Austria Wien,SUB,Australia,61,66,67
236800,I. Angulo,1900000,23,22/03/99,179,Major League Soccer,Orlando City,LM,Colombia,59,61,71
199294,D. Meza Colli,300000,33,15/08/88,179,Liga 1,Argeş,LCM,Paraguay,48,59,57
209521,Alison,1400000,28,1/03/93,180,Pro League,Al Hazm,RCM,Brazil,49,56,62
260160,E. Bailey,130000,17,4/02/04,175,League Two,Port Vale,RES,England,49,37,54
241534,S. McLoughlin,1100000,24,13/11/96,191,Championship,Hull City,CB,Republic of Ireland,31,50,55
264104,W. Goodwin,500000,19,7/05/02,193,Championship,Stoke City,RES,England,56,43,58
259848,J. Aramburu,1600000,18,23/07/02,174,Primera Division,Deportivo La Guaira,LCB,Venezuela,46,58,61
254932,J. Caicedo,650000,26,5/12/94,168,Liga Pro,Emelec,SUB,Ecuador,56,58,62
219582,S. Fortes,1300000,29,17/04/92,192,Jupiler Pro League,KV Oostende,CB,Cape Verde Islands,41,53,49
201041,L. Carole,1200000,31,12/04/91,182,Super Lig,Kayserispor,LB,France,42,63,67
262377,S. Thangmuansang,150000,22,25/07/98,174,Super League,Odisha FC,SUB,India,25,35,51
212483,J. Obiang,775000,28,5/07/93,170,Ligue 2,Caen,SUB,Gabon,52,59,65
244253,U. Račić,8000000,24,17/03/98,193,Liga Portugal,Sporting Braga,SUB,Serbia,73,74,72
186190,P. van Aanholt,6500000,30,29/08/90,176,Super Lig,Galatasaray,LB,Netherlands,68,72,75
222916,J. Ginnelly,1400000,24,24/03/97,173,Premiership,Hearts,SUB,England,62,59,68
269698,F. Katelaris,1600000,25,26/08/96,185,Jupiler Pro League,KV Oostende,RCB,Cyprus,38,48,52
240599,C. Hendry,600000,23,12/08/97,182,Premiership,St. Johnstone,LS,Scotland,62,53,63
269395,A. Lomax,100000,18,17/05/04,178,League Two,Tranmere Rovers,RES,England,52,40,50
240990,B. Berríos,2800000,24,9/03/98,168,Primera Division,Everton,LCM,Chile,51,65,70
212187,P. Max,9500000,28,30/09/93,177,Eredivisie,PSV,LB,Germany,65,77,75
245761,A. Morgan,1300000,22,2/02/00,181,League One,Charlton Athletic,SUB,England,57,65,64
231014,Asumah Abubakar,1600000,24,10/05/97,183,Super League,Luzern,LS,Portugal,65,57,70
169479,R. Griffiths,230000,34,10/03/88,187,Super League,Mumbai City,SUB,Australia,50,57,57
237316,B. Cooper,1000000,21,14/01/00,185,League Two,Swindon Town,RES,Wales,33,42,43
192612,M. Jajalo,800000,34,25/05/88,182,Serie A,Udinese,SUB,Bosnia and Herzegovina,64,70,71
226781,K. Shelton,600000,28,26/06/93,191,Major League Soccer,Sporting KC,ST,United States,58,56,64
199665,J. Cools,1200000,30,16/10/90,189,Jupiler Pro League,AS Eupen,SUB,Belgium,56,65,62
252748,K. Adedoyin,450000,21,14/11/00,180,League One,Accrington Stanley,SUB,Nigeria,58,49,61
243807,C. Sibbald,625000,26,18/05/95,170,Premiership,Livingston,SUB,Scotland,59,62,66
234889,F. Jensen,2800000,23,9/09/97,183,Bundesliga,FC Augsburg,SUB,Finland,68,67,73
260779,S. Adingra,1100000,19,1/01/02,175,Superliga,Nordsjælland,LW,Côte d'Ivoire,56,47,69
232476,K. Shiihashi,925000,24,20/06/97,178,J-League,Kashiwa Reysol,CDM,Japan,47,57,60
265197,A. Benarous,925000,18,27/07/03,173,Championship,Bristol City,RES,England,49,58,68
213013,F. Acheampong,8000000,27,16/10/93,170,Super League,Shenzhen,LS,Ghana,75,68,81
204125,J. Bořil,2600000,30,11/01/91,175,Fortuna Liga,Slavia Praha,RES,Czech Republic,60,69,69
190607,D. Quintero,1100000,34,19/09/87,166,Major League Soccer,Houston Dynamo,CAM,Colombia,69,69,76
241629,Rogério,2200000,23,13/01/98,178,Serie A,Sassuolo,LB,Brazil,53,65,72
250813,L. Greiml,1900000,19,3/07/01,186,Bundesliga,Rapid Vienna,RES,Austria,30,48,46
201841,N. Dussenne,1900000,30,7/04/92,192,Jupiler Pro League,Standard Liège,CB,Belgium,34,52,52
260687,K. McDonald,425000,19,1/10/01,178,Championship,Derby County,SUB,England,30,37,58
252573,A. Terzić,2600000,22,17/08/99,184,Serie A,Fiorentina,SUB,Serbia,41,56,67
205192,Denis Suárez,15000000,27,6/01/94,178,La Liga,Celta de Vigo,CM,Spain,71,81,80
241049,Gorosabel,15000000,24,4/08/96,174,La Liga,Real Sociedad,SUB,Spain,46,70,72
260818,P. Farquharson,475000,24,15/03/97,191,League Two,Newport County,SUB,England,33,39,45
254685,N. Boushal,1000000,21,16/09/99,175,Pro League,Al Fateh,RB,Saudi Arabia,36,47,61
216790,C. Grant,1100000,26,18/04/95,184,League One,Plymouth Argyle,SUB,England,61,66,66
223334,Joelinton,8500000,24,14/08/96,186,Premier League,Newcastle United,LCM,Brazil,69,65,78
228295,R. Holding,11500000,26,20/09/95,189,Premier League,Arsenal,SUB,England,34,61,66
241157,T. Sainte-Luce,1500000,23,20/10/98,181,Ligue 1,Montpellier,RES,France,47,58,68
180826,Luiz Adriano,2400000,35,12/04/87,184,Super Lig,Antalyaspor,CF,Brazil,75,66,75
270913,U. Bislimi,975000,22,25/09/99,183,Super League,Lugano,SUB,Kosovo,53,61,66
223517,Danilo,2900000,25,28/02/96,182,Ligue 1,Nice,SUB,Brazil,64,71,72
270697,E. Ifoni,425000,22,13/02/00,187,Jupiler Pro League,RFC Seraing,SUB,Nigeria,57,40,54
204525,Iñigo Martínez,21000000,30,17/05/91,182,La Liga,Athletic Club,LCB,Spain,56,67,64
253679,Zheng Xuejian,200000,21,23/02/01,185,Super League,Hangzhou,RES,China PR,40,52,55
242143,Ricardo Ryller,1500000,27,27/02/94,184,Pro League,Al Feiha,LDM,Brazil,63,66,67
261454,M. Traore,550000,22,24/11/99,185,Eliteserien,Viking,SUB,Guinea,58,45,58
241861,N. Atkinson,2200000,22,13/06/99,181,Premiership,Hearts,RWB,Australia,53,60,68
173654,P. McGowan,300000,33,7/10/87,170,Premiership,Dundee,SUB,Scotland,61,62,69
246172,S. Chukwueze,21500000,22,22/05/99,172,La Liga,Villarreal,RM,Nigeria,73,66,83
263561,D. Murray,600000,19,26/06/03,193,Premiership,Celtic,RES,Scotland,33,48,59
247476,H. Dotson,1200000,23,6/08/97,180,Major League Soccer,Minnesota United,RDM,United States,61,58,64
235347,T. Pearce,875000,23,12/04/98,185,League One,Wigan Athletic,SUB,England,52,60,62
248021,I. Cristea,1700000,27,17/07/94,184,Liga 1,FCSB,RES,Romania,38,46,55
251468,T. Mißner,525000,22,17/02/00,179,3. Liga,Elversberg,SUB,Germany,33,49,56
262053,Kayky,2700000,18,11/06/03,175,Premier League,Manchester City,RES,Brazil,58,57,72
202708,L. Palun,210000,33,28/11/88,184,Ligue 2,Bastia,SUB,Gabon,48,56,56
221791,R. Kurzawa,1000000,28,29/01/93,182,Ekstraklasa,Pogoń Szczecin,SUB,Poland,65,70,68
227895,K. Twardek,525000,24,8/03/97,186,Premier Division,Bohemians,SUB,Canada,54,55,62
261047,R. Meißner,950000,21,8/10/99,181,2. Bundesliga,Hansa Rostock,RES,Germany,66,43,62
268766,J. Wright,170000,26,26/12/94,173,Liga 1,Mioveni,RES,Jamaica,56,42,54
227895,K. Twardek,500000,25,8/03/97,186,Premier Division,Bohemians,SUB,Canada,54,55,61
254728,P. Ayala,425000,26,30/06/95,177,Primera División,Guaireña,RCM,Paraguay,48,58,61
211607,F. Loshaj,575000,25,13/08/96,174,Ekstraklasa,Cracovia Kraków,RCM,Kosovo,56,65,68
223879,L. Ramos,1300000,31,21/08/89,185,Liga Profesional,Unión Santa Fe,LS,Argentina,72,54,66
225798,B. Çamoğlu,900000,24,5/10/96,173,Super Lig,Hatayspor,SUB,Turkey,37,59,68
199897,N. Höfler,3000000,31,9/03/90,181,Bundesliga,SC Freiburg,LDM,Germany,47,66,68
202482,A. Rodman,80000,35,15/02/87,188,League One,Bristol Rovers,RES,England,55,58,59
209223,A. Khamis,300000,33,15/07/88,166,Pro League,Al Raed,LM,Saudi Arabia,50,60,66
261454,M. Traore,450000,21,24/11/99,185,Eliteserien,Viking,SUB,Guinea,57,43,56
242984,S. Power,425000,24,13/05/98,177,Premier Division,Shamrock Rovers,SUB,Republic of Ireland,52,55,61
183829,M. Youssouf,375000,34,26/03/88,169,Ligue 1,Ajaccio,SUB,Comoros,48,62,67
237739,R. Shindo,1300000,25,7/06/96,183,J-League,Cerezo Osaka,SUB,Japan,52,52,58
219792,B. Santamaria,8500000,27,9/03/95,183,Ligue 1,Rennes,RES,France,65,72,74
261951,Li Xiang,110000,30,25/01/91,190,Super League,Tianjin Teda,ST,China PR,55,36,44
250822,B. Fadiga,1400000,20,15/01/01,178,Super League,Olympiakos Piraeus,SUB,France,47,60,71
260828,De Tomás,950000,20,18/07/00,172,La Liga,Rayo Vallecano,RES,Spain,58,59,63
255183,K. Miyamoto,450000,25,19/06/96,177,J-League,Shimizu S-Pulse,RCM,Japan,41,59,57
260390,R. Zouhir,350000,17,23/11/03,178,Major League Soccer,Montreal Impact,SUB,Morocco,46,54,61
252397,Marcinho,1600000,26,16/05/95,173,J-League,Kawasaki Frontale,LW,Brazil,68,56,72
244628,B. Samudio,3300000,26,23/12/95,180,Primera División,Cerro Porteño,LM,Paraguay,70,63,74
209256,T. Anderson,550000,28,2/09/93,193,League Two,Doncaster Rovers,LCB,England,33,41,38
255457,M. Navarro,1000000,22,26/02/99,173,Major League Soccer,Chicago Fire,LB,Venezuela,31,51,62
244538,S. Bauer,725000,28,7/11/92,183,Bundesliga,Admira,LCB,Austria,25,45,45
241833,K. Gutiérrez,1900000,24,3/06/97,168,Liga Profesional,Defensa y Justicia,RCM,Argentina,57,65,69
230350,Flávio Rebeilo,2100000,29,29/02/92,175,Serie A,Santos,LB,Brazil,44,61,71
258116,F. Andueza,1900000,24,25/05/97,189,Liga Profesional,Sarmiento,LCB,Uruguay,32,47,54
237833,M. Harris,1600000,22,29/12/98,182,Championship,Cardiff City,SUB,Wales,63,60,69
254327,N. Ogbeta,1600000,20,28/04/01,191,Championship,Swansea City,SUB,England,46,51,63
238775,S. Kowalczyk,2400000,23,22/08/98,170,Ekstraklasa,Pogoń Szczecin,CAM,Poland,63,63,71
263034,A. Krivotsyuk,900000,22,20/08/98,186,Ekstraklasa,Wisła Płock,SUB,Azerbaijan,35,51,57
266737,S. Plazibat,400000,31,31/08/89,185,Liga 1,Academica Clinceni,ST,Croatia,65,47,57
229668,Mario Hermoso,35500000,26,18/06/95,184,La Liga,Atlético Madrid,SUB,Spain,49,72,71
229904,E. Öztürk,1700000,24,1/12/97,177,Super Lig,İstanbulspor,RCM,Turkey,61,67,68
240187,J. Stenmark,500000,23,26/02/99,194,Allsvenskan,Kalmar,SUB,Sweden,29,49,50
270489,N. Al Meqhem,170000,25,5/12/96,170,Pro League,Al Adalh,RES,Saudi Arabia,47,53,55
261026,S. Vargas,700000,19,17/01/02,175,Primera División,Nacional Asunción,RES,Paraguay,40,57,63
258616,R. Towler,550000,20,6/05/02,187,League Two,AFC Wimbledon,LCB,England,36,53,58
260535,G. Colli,275000,21,12/03/00,182,A-League,Perth Glory,CM,Australia,48,56,56
259534,M. Sangaré,500000,22,24/12/98,195,Ligue 2,Amiens SC,RES,France,60,48,57
260930,K. Sildillia,1400000,19,16/05/02,186,Bundesliga,SC Freiburg,RES,France,27,51,58
211394,P. Faragò,1000000,28,12/02/93,187,Serie B,Lecce,SUB,Italy,57,69,65
237874,T. Frost,275000,21,7/07/99,172,League Two,Crawley Town,SUB,England,52,52,60
201042,D. Sidibé,9500000,28,29/07/92,182,Ligue 1,Monaco,SUB,France,62,74,75
246606,Fran García,6500000,21,14/08/99,167,La Liga,Rayo Vallecano,LB,Spain,49,64,73
233383,P. Kalambayi,750000,21,9/07/99,183,League One,AFC Wimbledon,RCB,England,22,41,45
262971,N. Tekijaški,650000,24,2/03/97,186,Ekstraklasa,Nieciecza,RCB,Serbia,31,48,50
271307,A. McCaffrey,100000,19,13/12/02,179,Premier Division,Finn Harps,RES,Republic of Ireland,35,47,48
223687,C. Mac-Intosch,700000,31,9/08/89,181,Eredivisie,SC Cambuur,RCB,Suriname,38,51,58
242487,Bruno Reis,900000,21,20/07/99,176,Liga Portugal,Portimonense,RES,Portugal,50,61,64
263006,Imanol,1200000,20,8/08/00,177,La Liga 2,Mirandés,LB,Spain,41,59,62
245252,A. Gürleyen,1200000,22,26/04/99,193,3. Liga,Wehen Wiesbaden,LCB,Germany,37,47,42
264201,A. Kadri,2700000,22,24/06/00,170,Jupiler Pro League,Kortrijk,RES,Algeria,64,66,73
202053,R. Miyaichi,600000,28,14/12/92,183,J-League,Yokohama F. Marinos,SUB,Japan,54,57,67
256945,Mortimer,1200000,20,11/06/01,176,La Liga,FC Barcelona,RES,Spain,59,53,64
243894,B. Stillhart,975000,28,24/03/94,177,Super League,St. Gallen,LCB,Switzerland,58,65,69
232658,D. Doekhi,6000000,23,30/06/98,190,Eredivisie,Vitesse,RCB,Netherlands,42,59,64
225403,İ. Kahveci,14000000,25,15/07/95,176,Super Lig,Fenerbahçe,RW,Turkey,71,79,81
203604,D. Pavelka,1300000,31,18/05/91,174,Fortuna Liga,Sparta Praha,RDM,Czech Republic,60,68,68
230292,Eltildo Bessa,1800000,25,29/02/96,165,Serie A,Fortaleza,SUB,Brazil,68,56,76
229375,E. Adebayo,3400000,23,7/01/98,193,Championship,Luton Town,LS,England,71,50,68
237937,F. Myhre,700000,22,4/03/99,180,Eliteserien,Brann,RB,Norway,51,57,65
263557,J. Henke,325000,20,5/06/01,189,2. Bundesliga,Paderborn,RES,Germany,27,42,47
204682,Rafael Lopes,1000000,29,28/07/91,180,Ekstraklasa,Legia Warszawa,SUB,Portugal,66,56,65
232674,F. Ghazi,375000,27,1/03/94,176,Pro League,Al Ittifaq,SUB,Saudi Arabia,26,48,57
256790,J. Musiala,37000000,18,26/02/03,180,Bundesliga,FC Bayern München,SUB,Germany,72,72,87
246118,U. Meraş,1700000,26,20/12/95,178,Super Lig,Beşiktaş,SUB,Turkey,42,60,65
221890,J. Fulton,1600000,27,1/04/94,186,Championship,Swansea City,SUB,Scotland,55,62,67
216620,S. Tanabe,400000,31,6/04/90,175,J-League,Avispa Fukuoka,SUB,Japan,54,61,61
257264,O. Vilhelmsson,925000,17,2/10/03,188,Allsvenskan,IFK Göteborg,RS,Sweden,60,41,55
257091,T. Raemaekers,975000,20,9/09/00,194,Jupiler Pro League,OH Leuven,SUB,Belgium,46,58,55
237153,L. Blessing,2300000,24,30/12/96,160,Major League Soccer,Los Angeles FC,SUB,Ghana,61,63,75
236075,Enzo Merques,3100000,25,29/02/96,187,Serie A,Internacional,LB,Brazil,64,70,73
260398,N. Saliba,120000,17,7/02/04,173,Major League Soccer,Montreal Impact,RES,Canada,36,46,49
225927,Q. Lecoeuche,825000,27,4/02/94,172,Ligue 2,Valenciennes,LWB,France,47,58,64
231281,T. Alexander-Arnold,102500000,22,7/10/98,180,Premier League,Liverpool,RB,England,69,89,80
229038,Christian Rivera,2100000,23,9/07/97,193,La Liga 2,Sporting Gijón,LDM,Spain,48,63,65
242306,G. Soto,825000,27,10/01/94,177,Liga Profesional,Huracán,SUB,Chile,24,55,65
224874,A. Pellegrino,1900000,31,18/06/90,190,Eliteserien,Bodø / Glimt,LW,Norway,72,65,71
238555,J. Savarino,4200000,24,11/11/96,169,Major League Soccer,Real Salt Lake,RES,Venezuela,70,66,77
212478,G. Zardes,2300000,29,2/09/91,188,Major League Soccer,Colorado Rapids,RS,United States,70,52,68
213969,M. Pinnock,775000,26,12/12/94,190,League Two,Northampton Town,LM,England,57,62,63
253793,J. Quintero,675000,20,1/02/01,189,Primera Division,Deportivo Táchira,SUB,Venezuela,30,42,41
214414,R. Ureña,900000,28,1/03/93,179,Liga BetPlay,Deportes Tolima,SUB,Chile,58,59,64
221633,B. Sørmo,875000,25,22/09/96,187,Jupiler Pro League,Zulte-Waregem,RES,Norway,44,56,62
252931,L. Ivanušec,11500000,22,26/11/98,175,1. HNL,Dinamo Zagreb,CAM,Croatia,70,71,81
246169,Roberto López,3100000,22,24/04/00,180,La Liga 2,Mirandés,RM,Spain,68,71,71
186905,A. Barnes,2600000,31,30/10/89,186,Premier League,Burnley,SUB,England,74,68,71
264590,N. Koffi,950000,19,9/03/02,183,Liga Portugal,Paços de Ferreira,RES,France,64,52,61
223524,E. Goldaniga,1600000,28,2/11/93,193,Serie B,Cagliari,RCB,Italy,33,42,51
254220,L. Iberico,1600000,23,6/02/98,176,Primera Division,Melgar,LW,Peru,68,59,69
216836,Álvaro Peña,700000,29,24/10/91,178,La Liga 2,Amorebieta,LCM,Spain,61,67,69
267770,S. Brennan,275000,20,5/07/01,172,Premier Division,UCD,SUB,Republic of Ireland,50,55,58
240133,M. Tchokounté,700000,32,11/09/88,188,Ligue 2,Dunkerque,RS,France,67,52,62
261987,Blanco,4500000,20,23/07/00,176,La Liga,Real Madrid,RES,Spain,57,67,66
242402,A. Eisa,475000,25,5/01/96,180,League Two,Bradford City,RES,Sudan,55,53,64
198479,P. Arajuuri,325000,34,15/06/88,193,Veikkausliiga,HJK,SUB,Finland,35,44,43
252149,R. Nizet,625000,20,14/04/02,177,Serie A,Lecce,RES,Belgium,48,49,53
236496,M. Guendouzi,33500000,22,14/04/99,185,Ligue 1,Olympique Marseille,RCM,France,66,79,77
241552,J. Italiano,700000,19,30/07/01,177,Bundesliga,Borussia Mönchengladbach,RES,Australia,55,56,67
214763,P. Goltz,425000,37,12/05/85,184,Liga Profesional,Colón,LCB,Argentina,55,65,58
260730,E. Azcona,350000,17,21/11/03,168,Major League Soccer,Inter Miami,SUB,Dominican Republic,54,49,64
264166,Manu Morillo,825000,18,14/08/03,182,La Liga,Real Betis,RES,Spain,61,45,62
261689,Hélder Sá,1900000,19,10/11/02,186,Liga Portugal,Vitória SC,LWB,Portugal,41,61,64
268788,L. Payne,240000,18,30/05/04,178,Premier League,Southampton,RES,England,32,42,47
259689,N. Hansson,275000,18,6/09/03,186,Allsvenskan,Sirius,SUB,Sweden,26,34,39
223668,P. Bourdin,850000,27,6/01/94,186,Jupiler Pro League,Beerschot,LCB,France,44,50,59
255538,G. Gohlke,1000000,22,12/03/99,192,3. Liga,Waldhof Mannheim,SUB,Germany,28,42,45
196978,C. Wilson,17500000,29,27/02/92,180,Premier League,Newcastle United,SUB,England,78,66,77
234399,J. Eggestein,2500000,23,8/05/98,183,Jupiler Pro League,Antwerp,RES,Germany,69,69,74
262004,M. Campagna,140000,17,27/06/04,188,Major League Soccer,Vancouver Whitecaps,RES,Canada,21,35,34
236914,Álex Martín,1500000,23,25/01/98,182,La Liga,Celta de Vigo,RES,Spain,42,51,46
205139,P. Barrett,475000,27,22/07/93,183,Premier Division,St Patrick's,SUB,Republic of Ireland,43,45,49
247758,I. Gomis,1100000,21,9/11/99,175,Ligue 2,Dunkerque,SUB,France,54,64,68
206081,R. Hall-Johnson,475000,26,9/05/95,173,National League,Wrexham,RWB,England,49,54,61
247138,Fran Navarro,6000000,23,3/02/98,179,Liga Portugal,Gil Vicente,ST,Spain,72,52,70
265196,T. Schirò,325000,21,25/04/00,183,Serie B,Crotone,SUB,Italy,42,57,55
230226,Charles de Breito,850000,33,29/02/88,170,Serie A,Cuiabá,SUB,Brazil,53,68,69
264200,C. Humphreys,200000,17,30/10/03,178,League One,Ipswich Town,RES,England,38,47,53
264499,H. Singh,200000,21,24/08/99,168,Super League,East Bengal,RES,India,27,35,51
235899,D. Zeefuik,4300000,23,11/03/98,177,Championship,Blackburn Rovers,SUB,Netherlands,40,60,69
189730,F. Di Tacchio,450000,32,20/04/90,186,Serie B,Ternana,RCM,Italy,50,57,59
260646,K. Mina,1300000,27,2/11/93,190,Liga De Futbol Prof,Guabirá,SUB,Ecuador,70,58,62
259674,C. Diakité,2400000,19,5/12/02,173,Ligue 2,Le Havre,SUB,France,53,64,72
253038,A. Fouad,275000,19,13/10/01,178,Pro League,Al Ittifaq,SUB,Saudi Arabia,25,38,44
233366,V. Henry,1300000,27,18/09/93,178,Ligue 2,Sochaux,RB,France,61,63,70
233052,J. Maddox,900000,22,3/11/98,179,League One,Burton Albion,SUB,England,55,61,65
252594,I. Lihadji,3000000,19,10/04/02,177,Ligue 1,Lille,SUB,France,60,63,74
204259,S. Arias,15500000,29,13/01/92,178,La Liga,Granada,SUB,Colombia,53,71,76
222379,F. Arce,1200000,24,27/11/96,180,Liga MX,Juárez,CM,United States,52,61,61
220421,H. Kamara,5000000,28,5/03/94,168,Championship,Watford,RWB,Côte d'Ivoire,59,68,75
161938,M. Boselli,2600000,36,22/05/85,185,Liga Profesional,Estudiantes,LS,Argentina,78,63,69
208929,S. Sharahili,230000,31,30/05/90,175,Pro League,Al Faisaly,SUB,Saudi Arabia,46,58,62
235942,F. Cassata,1000000,24,16/07/97,183,Serie B,Ternana,CM,Italy,50,66,67
244394,Clemente,1800000,22,4/03/99,180,La Liga 2,Real Sociedad II,SUB,Spain,32,54,52
224221,J. Andersen,12000000,26,31/05/96,192,Premier League,Crystal Palace,RCB,Denmark,50,68,64
233245,S. McLoughlin,800000,24,1/03/97,175,League One,Morecambe,SUB,Republic of Ireland,58,62,66
267757,E. Ali Said,475000,19,14/02/02,178,Ligue 2,Dijon,SUB,Comoros,47,51,64
223137,F. Bonazzoli,4300000,25,21/05/97,182,Serie A,Salernitana,RS,Italy,74,55,72
263956,Lucas Esteves,750000,22,24/06/00,170,Major League Soccer,Colorado Rapids,LB,Brazil,42,59,64
260340,Svensson,1400000,19,8/11/01,182,La Liga,Espanyol,RES,Spain,63,55,64
233050,M. Smith,1900000,21,22/11/99,175,League One,Milton Keynes Dons,SUB,Wales,56,66,67
230486,Patricio Alagoano,1700000,26,29/02/96,181,Serie A,Fortaleza,SUB,Brazil,59,70,72
253289,G. Corujo,2800000,25,2/08/96,189,Major League Soccer,Charlotte,SUB,Uruguay,35,46,47
234624,B. Dibassy,1200000,32,11/08/89,183,Major League Soccer,Minnesota United,SUB,Mali,54,61,65
263543,A. Deu,110000,20,2/05/01,188,A-League,Western United,SUB,South Sudan,26,27,39
176944,M. Fellaini,3500000,33,22/11/87,194,Super League,Shandong Luneng,LCM,Belgium,72,69,70
257899,K. Fujimoto,5000000,22,1/07/99,176,Liga Portugal,Gil Vicente,RCM,Japan,65,70,74
242786,A. Lesiotis,300000,21,24/04/00,182,A-League,Melbourne City,RES,Australia,38,50,56
234100,G. Escobar,3800000,24,16/03/97,171,La Liga 2,UD Ibiza,LB,Argentina,49,65,69
219496,Simy,1600000,30,7/05/92,198,Serie B,Benevento,SUB,Nigeria,72,45,60
250911,B. Santelli,1000000,29,16/11/91,180,Ligue 2,Bastia,RS,France,66,54,69
269432,H. Al Majhad,190000,30,18/05/92,169,Pro League,Al Khaleej,SUB,Saudi Arabia,47,54,60
258748,C. Chukwuemeka,400000,19,25/01/02,190,Premiership,Livingston,SUB,England,54,47,59
239929,I. Petryak,1400000,28,13/03/94,171,Premier League,Shakhtar Donetsk,SUB,Ukraine,54,66,68
237506,C. Owens,525000,23,7/12/97,185,Championship,Queens Park Rangers,RES,Northern Ireland,50,61,64
259331,M. Portanova,2700000,22,2/06/00,183,Serie B,Genoa,CAM,Italy,61,69,68
230420,Pietrson Mendes,2600000,25,29/02/96,173,Serie A,Bahia,ST,Brazil,69,73,74
210482,S. Piesinger,1000000,30,13/05/92,196,Bundesliga,Wolfsberger AC,SUB,Austria,57,61,57
232677,A. Al Sharid,350000,27,5/01/94,168,Pro League,Al Faisaly,RES,Saudi Arabia,53,59,61
182428,Yang Yu,45000,36,18/04/85,186,Super League,Qingdao Hainiu,SUB,China PR,58,50,57
200820,J. Obita,1200000,27,8/12/93,180,League One,Wycombe Wanderers,SUB,England,64,66,66
268459,L. Toomey,170000,20,1/07/01,179,A-League,Wellington Phoenix,SUB,New Zealand,48,50,53
241568,C. Ferreira,2200000,22,12/09/99,175,Liga Profesional,Newell's Old Boys,CAM,Argentina,70,74,72
239980,O. Popescu,1000000,27,24/02/94,181,Liga 1,FCSB,SUB,Romania,59,63,59
183546,J. Hogg,1200000,32,6/12/88,176,Championship,Huddersfield Town,SUB,England,53,60,65
251000,M. Roberts,325000,20,16/09/00,184,League Two,Carlisle United,SUB,England,25,40,45
232765,T. Molina,1700000,26,12/04/95,183,Liga Pro,LDU Quito,LS,Argentina,69,56,66
264347,Medrano,1300000,21,26/03/00,172,La Liga,Celta de Vigo,RES,Spain,38,55,60
269151,O. Wolff,300000,16,30/12/04,175,Major League Soccer,Austin,SUB,United States,38,45,59
239493,M. Baku,1600000,23,8/04/98,177,Super Lig,Göztepe,RM,Germany,63,54,73
218981,H. Palacios,2700000,29,11/06/93,181,La Liga,Elche,RCB,Colombia,35,61,61
230271,Laure Santeiro,25000000,21,29/02/00,171,Serie A,Fluminense,LM,Brazil,72,77,82
222645,L. López,2700000,27,24/05/94,175,Liga MX,Pumas UNAM,LCM,Mexico,58,75,76
243580,L. Openda,7000000,21,16/02/00,174,Eredivisie,Vitesse,LS,Belgium,71,64,72
261146,D. Štefulj,1500000,21,8/11/99,186,1. HNL,Dinamo Zagreb,RES,Croatia,50,57,65
233643,S. Camara,1100000,28,14/11/92,190,Super Lig,Sivasspor,SUB,Mali,39,51,52
164859,T. Walcott,2400000,32,16/03/89,176,Premier League,Southampton,SUB,England,67,68,73
253970,C. Barron,575000,19,29/08/02,175,Premiership,Aberdeen,SUB,Scotland,47,53,58
270637,B. Spencer,500000,18,6/05/04,182,Championship,Huddersfield Town,RES,Northern Ireland,43,56,58
228768,Xande Silva,950000,25,16/03/97,177,Ligue 2,Dijon,LM,Portugal,60,58,71
213449,P. Stolarski,1000000,25,28/01/96,181,Ekstraklasa,Pogoń Szczecin,SUB,Poland,52,61,64
268364,R. Hagelmeister,210000,33,29/02/88,172,3. Liga,Türkgücü-Ataspor,RB,Austria,37,50,52
267790,O. Ågren,275000,23,10/09/98,191,Major League Soccer,SJ Earthquakes,SUB,Sweden,29,46,44
209316,T. Haye,1600000,26,9/02/95,177,Eredivisie,SC Heerenveen,RCM,Netherlands,62,74,71
207640,M. Yattara,1000000,28,28/07/93,185,Ligue 2,Pau,RS,Guinea,68,56,66
260027,M. Gamarra,1000000,20,10/10/00,180,Primera División,Olimpia,SUB,Paraguay,26,42,52
230857,Nuno da Costa,1600000,30,10/02/91,182,Ligue 2,Caen,RS,Cape Verde Islands,68,63,71
251811,J. ter Heide,700000,23,29/03/99,173,Eredivisie,SC Cambuur,SUB,Netherlands,45,57,58
190697,S. Strandberg,1300000,31,25/07/90,189,Eliteserien,Vålerenga,SUB,Norway,42,54,57
223929,A. Leya Iseka,1800000,23,15/11/97,183,Championship,Barnsley,SUB,Belgium,68,59,67
268922,Zhang Yue,110000,22,16/11/99,183,Super League,Shijiazhuang Ever Bright,RES,China PR,46,45,46
243459,T. Barlow,525000,26,8/07/95,188,Major League Soccer,New York RB,SUB,United States,61,49,56
226261,C. Ainley,600000,23,2/11/97,173,League One,Crewe Alexandra,CAM,England,58,60,68
271278,T. Aksu,300000,24,11/09/97,183,Super Lig,İstanbulspor,SUB,Turkey,32,45,48
212130,M. Maloča,550000,32,4/05/89,189,Ekstraklasa,Lechia Gdańsk,LCB,Croatia,36,40,43
260551,H. Nagakura,350000,25,29/04/96,177,J-League,Vegalta Sendai,RES,Japan,44,59,56
265650,Saúl Coco,2100000,23,9/02/99,188,La Liga 2,Las Palmas,SUB,Equatorial Guinea,33,46,49
210206,A. Majrashi,350000,30,21/07/91,176,Pro League,Al Tai,SUB,Saudi Arabia,30,49,60
235315,V. Gheorghe,1600000,25,14/02/97,175,Super Lig,Ümraniyespor,SUB,Romania,66,65,68
221836,Koo Dae Young,350000,29,9/05/92,177,K League 1,Suwon Bluewings,SUB,Korea Republic,38,51,62
264180,A. Devine,775000,16,1/08/04,180,Premier League,Tottenham Hotspur,RES,England,55,58,60
259378,A. Al Shanqeeti,220000,23,22/12/98,179,Pro League,Al Khaleej,RCB,Saudi Arabia,33,39,48
199215,A. Gorgon,800000,32,28/10/88,185,Ekstraklasa,Pogoń Szczecin,RES,Austria,66,66,67
220872,G. Kiltie,925000,24,18/01/97,173,Premiership,St. Mirren,SUB,Scotland,59,61,67
177482,M. Coutadeur,400000,35,20/03/86,170,Ligue 2,Ajaccio,SUB,France,55,69,68
247764,K. John,1300000,20,13/02/01,176,Premier League,Everton,RES,England,43,54,64
231486,A. Jafar,250000,27,15/09/93,165,Pro League,Al Tai,SUB,Saudi Arabia,52,52,65
234710,D. Lamkel Zé,4100000,25,17/09/96,192,Jupiler Pro League,Kortrijk,RS,Cameroon,75,67,74
262888,D. Atmaca,575000,18,17/10/02,174,3. Liga,Würzburger Kickers,RES,Germany,50,50,64
263351,A. Demici,300000,21,4/04/00,176,Liga 1,Rapid Bucuresti,RES,Romania,33,46,54
229654,Gerard Valentín,1700000,27,28/07/93,177,La Liga 2,Huesca,RM,Spain,49,59,78
264432,A. Ezzalzouli,3800000,20,17/12/01,177,La Liga,Osasuna,SUB,Morocco,62,62,77
199218,B. Hamill,400000,29,18/09/92,185,Super League,ATK Mohun Bagan,LCB,Australia,41,49,48
239627,A. Zreľák,775000,27,5/05/94,183,Ekstraklasa,Warta Poznań,ST,Slovakia,65,48,61
237003,S. Birindelli,12000000,22,19/07/99,175,Serie A,Monza,RM,Italy,49,64,72
224995,W. Pacheco,1700000,26,16/01/95,172,Liga BetPlay,Junior,SUB,Colombia,43,58,66
264712,D. Valda,1300000,24,21/06/97,177,Liga De Futbol Prof,Always Ready,SUB,Bolivia,49,56,65
236311,M. Rog,2900000,25,19/07/95,180,Serie A,Cagliari,RES,Croatia,66,72,74
208722,S. Mané,101000000,29,10/04/92,175,Premier League,Liverpool,LW,Senegal,83,80,88
213750,K. Sema,2500000,27,30/09/93,180,Premier League,Watford,SUB,Sweden,66,70,73
230222,Ailton Valpaços,2000000,29,29/02/92,186,Serie A,São Paulo,RCB,Brazil,58,60,63
269654,E. Hoxhallari,775000,26,15/10/95,183,Liga 1,UTA Arad,LB,Albania,36,45,54
240096,L. Brook,550000,21,8/02/01,178,League Two,Crewe Alexandra,RES,Australia,49,56,63
191222,Unai Medina,825000,32,16/02/90,179,La Liga 2,Racing Santander,RB,Spain,56,58,62
248878,L. Kilian,6000000,22,1/09/99,192,Bundesliga,FC Köln,RCB,Germany,37,56,54
248563,N. Jones,275000,19,3/02/02,190,Premier League,Brentford,RES,England,22,35,42
203009,Jang Hyuk Jin,400000,31,6/12/89,178,K League 1,Suwon,SUB,Korea Republic,52,64,59
263499,M. Tsvetanov,140000,30,3/12/90,174,K League 1,Gangwon,SUB,Bulgaria,55,50,64
269479,Meng Junjie,100000,21,22/04/01,180,Super League,Chengdu Qianbao,SUB,China PR,50,36,48
226108,F. Romagna,1600000,25,26/05/97,186,Serie A,Sassuolo,SUB,Italy,32,51,57
256115,L. Samardžić,3500000,20,24/02/02,184,Serie A,Udinese,SUB,Germany,70,66,76
179645,S. Kjær,23500000,32,26/03/89,190,Serie A,Milan,RES,Denmark,54,64,60
238479,Renê Santos,1000000,29,21/04/92,184,Pro League,Al Raed,RCB,Brazil,43,51,56
205393,J. Baldwin,500000,28,30/06/93,185,Premiership,Ross County,RCB,England,40,51,55
245067,Y. Taki,900000,21,29/08/99,168,J-League,Shimizu S-Pulse,SUB,Japan,56,56,68
246175,L. Ihorst,1600000,22,7/03/00,190,2. Bundesliga,Eintracht Braunschweig,SUB,Germany,62,50,59
234568,Gedson Fernandes,12000000,22,9/01/99,181,Super Lig,Rizespor,LCM,Portugal,70,74,78
262695,K. Śpiewak,825000,21,30/05/00,185,Ekstraklasa,Nieciecza,SUB,Poland,61,45,59
228928,S. Lavelle,575000,25,3/10/96,188,League One,Charlton Athletic,SUB,Scotland,29,41,46
247209,D. Mbayo,1600000,20,11/10/01,175,Jupiler Pro League,Kortrijk,SUB,Belgium,61,56,72
242230,J. Lennon,450000,24,9/05/98,178,Premier Division,St Patrick's,RES,Republic of Ireland,52,60,60
250954,C. Richards,6500000,21,28/03/00,188,Bundesliga,TSG Hoffenheim,SUB,United States,27,57,55
263323,Barba,700000,22,19/05/99,169,La Liga 2,Huesca,RES,Spain,42,50,61
233945,Wu Wei,190000,24,5/02/97,182,Super League,Dalian Professional,RCM,China PR,47,49,54
237875,R. Schlegel,1100000,24,3/04/97,180,Major League Soccer,Orlando City,SUB,Argentina,32,39,39
246797,K. Nishizawa,1600000,24,6/09/96,171,J-League,Shimizu S-Pulse,RM,Japan,66,68,66
262980,T. Bierschenk,500000,19,13/07/02,181,3. Liga,Hallescher FC,RES,Germany,60,44,56
224368,M. Doumbia,1300000,26,15/08/94,173,Ligue 1,Reims,SUB,Mali,63,65,69
255210,A. Slimane,3100000,20,16/03/01,188,Superliga,Brøndby,CAM,Tunisia,59,63,71
238346,H. Mendyl,1400000,23,21/10/97,179,Super Lig,Gaziantep F.K.,SUB,Morocco,43,57,65
246800,T. Buchanan,3800000,22,8/02/99,183,Jupiler Pro League,Club Brugge,LM,Canada,62,60,74
246715,S. Golui,250000,23,3/11/97,180,Super League,Bengaluru,SUB,India,31,38,51
265711,J. Pérez,375000,30,29/08/91,184,Primera Division,Hermanos Colmenares,SUB,Venezuela,54,60,63
171018,Mario Suárez,800000,34,24/02/87,188,La Liga,Rayo Vallecano,SUB,Spain,65,70,64
189159,L. Waterfall,325000,31,30/07/90,188,League Two,Grimsby Town,RCB,England,37,38,42
256997,W. Muirang,120000,23,16/02/99,184,Super League,Bengaluru,SUB,India,24,29,33
192350,J. Aquino,3100000,31,11/02/90,168,Liga MX,Tigres UANL,LB,Mexico,63,69,76
237509,B. Lasme,3100000,23,14/11/98,188,2. Bundesliga,DSC Arminia Bielefeld,SUB,France,68,52,66
217160,Peng Xinli,675000,30,22/07/91,177,Super League,Shanghai Shenhua,RM,China PR,62,65,67
203568,P. Wszołek,1400000,29,30/04/92,186,Ekstraklasa,Legia Warszawa,RM,Poland,63,66,68
247533,J. Boyer,550000,23,10/04/98,176,Ligue 2,Bastia,SUB,France,33,53,58
266722,N. Rossen,500000,16,1/08/05,181,Eredivisie,NEC,RES,Netherlands,51,60,61
265660,Roger Martínez,1100000,18,5/04/04,177,La Liga,Espanyol,RES,Spain,57,61,67
233052,J. Maddox,650000,23,3/11/98,179,League Two,Walsall,RCM,England,55,61,64
252037,Fábio Silva,3700000,18,19/07/02,185,Premier League,Wolverhampton Wanderers,SUB,Portugal,70,51,72
216265,U. Ikpeazu,1200000,26,28/02/95,191,Championship,Cardiff City,SUB,Uganda,65,50,63
230561,J. Grot,1700000,23,13/03/98,193,Superliga,Viborg,ST,Netherlands,65,59,61
181479,A. Wilkinson,250000,37,13/08/84,187,A-League,Sydney,LCB,Australia,45,54,50
235471,B. Nowak,1300000,27,25/08/93,180,Ekstraklasa,Górnik Zabrze,LF,Poland,67,68,67
227584,D. Melnjak,1300000,28,31/10/92,179,1. HNL,Hajduk Split,LB,Croatia,52,62,68
202056,J. Ayoví,900000,33,21/02/88,185,Liga Pro,Independiente del Valle,SUB,Ecuador,70,58,66
183465,J. Rodwell,825000,31,11/03/91,188,A-League,Sydney,SUB,England,64,67,68
253262,J. Rosso,575000,25,7/04/97,179,Liga Profesional,Sarmiento,SUB,Uruguay,46,58,62
230226,Charles de Breito,850000,33,29/02/88,170,Serie A,Cuiabá,SUB,Brazil,53,68,69
244486,M. Eskihellaç,1400000,24,5/05/97,175,Super Lig,Yeni Malatyaspor,LM,Turkey,57,61,68
263448,G. Manvelyan,775000,19,9/04/02,180,Ligue 1,Nantes,RES,France,59,60,67
247248,M. Mbow,825000,21,8/03/00,192,Ligue 2,Nîmes,SUB,Senegal,29,39,45
257787,B. Van Den Eynden,300000,20,7/01/02,186,Jupiler Pro League,Mechelen,RES,Belgium,44,57,56
266390,S. Zawadzki,300000,22,21/04/00,175,Major League Soccer,Columbus Crew,SUB,United States,46,46,51
264207,I. Koné,625000,19,6/06/02,188,Major League Soccer,Montreal Impact,RCM,Canada,55,56,64
226702,R. Maulun,1700000,24,23/11/96,176,Eredivisie,SC Cambuur,LCM,France,60,70,70
268868,Tiago Gouveia,3000000,21,18/06/01,176,Liga Portugal,Estoril,RW,Portugal,63,57,71
230240,Ramón da Almeyda,4200000,25,29/02/96,178,Serie A,Cuiabá,LB,Brazil,53,65,71
223933,G. Nilsson,1200000,25,23/05/97,197,Jupiler Pro League,Union Saint-Gilloise,SUB,Sweden,64,49,59
263584,S. Baş,240000,27,11/05/94,180,Super Lig,Hatayspor,SUB,Turkey,58,53,64
248801,J. Knowles,375000,20,25/01/02,184,League Two,Mansfield Town,SUB,England,55,45,56
214097,B. Bourigeaud,22500000,27,14/01/94,178,Ligue 1,Rennes,RW,France,76,82,80
238160,M. Demiral,14500000,23,5/03/98,190,Serie A,Atalanta,CB,Turkey,39,47,60
215823,D. Župarić,1200000,29,3/05/92,185,Major League Soccer,Portland Timbers,SUB,Croatia,21,46,56
212214,A. Solari,3000000,29,3/01/92,176,La Liga,Celta de Vigo,SUB,Argentina,64,70,74
261206,I. Kharatin,825000,26,2/02/95,188,Ekstraklasa,Legia Warszawa,SUB,Ukraine,61,59,60
232195,J. Ríos,1600000,29,7/10/91,175,Liga BetPlay,Deportes Tolima,RDM,Colombia,54,61,63
243008,M. Trávník,2000000,27,17/05/94,174,Super Lig,Kasımpaşa,SUB,Czech Republic,69,72,72
250895,J. Barnett,350000,20,14/02/01,179,A-League,Melbourne Victory,SUB,Australia,43,52,61
202905,C. Nyman,1600000,28,5/10/92,185,Allsvenskan,Norrköping,ST,Sweden,69,58,66
232294,R. Morioka,4000000,30,12/04/91,180,Jupiler Pro League,Sporting Charleroi,SUB,Japan,69,76,71
270621,K. Corenthin,210000,21,17/02/01,180,Ligue 2,Quevilly Rouen,SUB,France,37,51,57
258787,C. Trujillo,1600000,22,9/08/98,174,Liga BetPlay,Deportes Tolima,SUB,Colombia,59,61,62
184696,F. Santos,400000,34,1/03/87,175,Liga MX,Juárez,RCM,Mexico,63,65,69
246873,L. Kitching,1500000,22,25/09/99,191,League One,Barnsley,LCB,England,29,45,47
224554,Gao Jiarun,210000,27,24/04/95,184,Super League,Tianjin Teda,SUB,China PR,38,47,57
239003,H. Mahou,1500000,21,2/07/99,179,Super League,Lausanne Sport,RM,France,62,59,66
241921,S. Bergier,375000,22,20/12/99,184,Ekstraklasa,Śląsk Wrocław,SUB,Poland,56,50,56
230807,H. Coulson,1400000,24,17/06/98,172,Premiership,Aberdeen,LWB,England,38,56,66
179578,T. Midzierski,70000,36,5/06/85,190,Ekstraklasa,Górnik Łęczna,SUB,Poland,41,38,32
260736,V. Rodríguez,1200000,20,13/06/01,173,Primera Division,Peñarol,RES,Uruguay,50,50,63
241184,Junior Firpo,7000000,25,22/08/96,184,Premier League,Leeds United,SUB,Spain,62,70,71
193211,A. Ignjovski,500000,31,27/01/91,176,2. Bundesliga,Holstein Kiel,RES,Serbia,48,56,63
260984,B. Gutiérrez,575000,19,17/06/03,178,Major League Soccer,Chicago Fire,RM,United States,51,59,62
259276,W. Sutton,450000,18,30/10/02,181,League Two,Oldham Athletic,RCB,England,29,37,42
229650,C. Gutiérrez,1200000,25,18/02/97,181,Major League Soccer,Vancouver Whitecaps,SUB,Canada,43,63,64
230369,Durval Dutría,2300000,29,29/02/92,177,Serie A,Cuiabá,CDM,Brazil,69,70,71
259066,F. Boyomo,1600000,20,7/10/01,180,La Liga 2,Albacete,LCB,France,30,40,41
255924,T. Castro,550000,21,3/03/01,186,Liga Profesional,Godoy Cruz,RES,Argentina,53,58,66
263550,R. Capellini,1000000,21,1/03/00,185,La Liga 2,Mirandés,SUB,Italy,35,45,46
243812,Rodrygo,42000000,20,9/01/01,174,La Liga,Real Madrid,SUB,Brazil,74,72,83
214911,A. Parot,1000000,31,15/10/89,181,Primera Division,Universidad Católica,LB,Chile,60,62,64
247663,A. Bansal-McNulty,275000,21,16/03/00,165,League Two,Crawley Town,RES,Northern Ireland,48,54,60
226189,Lü Haidong,350000,30,11/01/92,180,Super League,Wuhan Three Towns,LWB,China PR,47,56,55
203884,K. Djidji,2000000,29,30/11/92,184,Serie A,Torino,RCB,Côte d'Ivoire,32,53,60
177553,Vieirinha,350000,36,24/01/86,172,Super League,PAOK,SUB,Portugal,74,73,73
240826,L. Sørensen,600000,21,21/10/99,185,League One,Lincoln City,SUB,Denmark,55,61,62
235103,N. Ampomah,1200000,25,2/01/96,175,Jupiler Pro League,Antwerp,RES,Ghana,63,59,70
205943,V. Chiricheș,1500000,32,14/11/89,184,Serie A,Cremonese,CB,Romania,61,57,62
241396,J. Morton,500000,22,22/04/99,185,Championship,Bristol City,RES,England,48,57,59
187837,M. Mešanović,475000,30,6/07/90,177,Ekstraklasa,Nieciecza,LM,Bosnia and Herzegovina,62,45,61
256516,Nico Williams,4400000,18,12/07/02,181,La Liga,Athletic Club,SUB,Spain,67,61,76
260460,K. Robinson,275000,18,8/11/02,182,Premier Division,St Patrick's,SUB,Republic of Ireland,53,45,54
242815,D. Fitz,2100000,22,16/06/99,175,Bundesliga,Austria Wien,RES,Austria,65,66,69
255145,A. Morris,800000,19,16/11/01,178,Major League Soccer,Columbus Crew,SUB,United States,50,53,60
211009,D. Lenihan,3200000,27,16/03/94,188,Championship,Blackburn Rovers,RCB,Republic of Ireland,46,58,59
264805,H. Birtwistle,300000,17,1/12/03,180,Premier League,Wolverhampton Wanderers,RES,Singapore,50,49,50
252866,Carreira,1300000,20,13/10/00,170,La Liga 2,Mirandés,RB,Spain,26,50,55
251494,B. Bida,975000,20,21/02/01,175,Ekstraklasa,Jagiellonia Białystok,SUB,Poland,62,55,60
251107,A. Lebeau,1300000,21,8/07/99,175,3. Liga,Waldhof Mannheim,CAM,France,53,64,70
204614,Mário Rui,9000000,30,27/05/91,170,Serie A,Napoli,LB,Portugal,49,72,78
205214,Z. Tripić,1900000,28,2/12/92,182,Eliteserien,Viking,LW,Norway,72,66,71
241810,Chumi,3300000,22,2/03/99,186,La Liga 2,Almería,SUB,Spain,36,50,56
207725,M. van der Hoorn,2000000,28,15/10/92,190,Eredivisie,FC Utrecht,RCB,Netherlands,45,51,48
263662,S. González,500000,21,29/12/99,173,Liga MX,Atlético San Luis,RES,Mexico,42,59,57
266251,N. Zerhouni,1700000,25,14/09/95,173,Pro League,Al Hazm,RW,Morocco,64,66,70
250854,R. Carstensen,4000000,21,10/11/00,183,Jupiler Pro League,Genk,SUB,Denmark,48,64,69
272678,Ö. Aksaka,1200000,19,29/01/03,178,Super Lig,Galatasaray,RES,Turkey,56,66,68
184477,K. Papadopoulos,1300000,30,23/02/92,185,Liga 1,U Craiova 1948,LCB,Greece,42,50,47
247503,B. Sekulić,900000,29,21/10/91,188,Major League Soccer,Chicago Fire,RB,Slovakia,32,61,61
271638,I. Beka,525000,22,31/10/99,197,Super League,Luzern,SUB,Kosovo,37,36,36
259560,N. Singh,180000,22,3/03/99,175,Super League,East Bengal,RM,India,53,42,53
245531,R. Stirk,825000,20,25/09/00,178,League Two,Mansfield Town,CDM,Wales,52,59,62
261107,N. Pacławski,275000,17,19/02/04,187,Ekstraklasa,Lech Poznań,RES,Poland,53,41,50
253109,J. Veerman,17000000,22,19/11/98,185,Eredivisie,PSV,SUB,Netherlands,68,81,78
260406,K. Gordon,1200000,17,5/10/04,173,Premier League,Liverpool,RES,England,57,54,65
218658,D. Iorfa,1300000,26,24/06/95,193,League One,Sheffield Wednesday,SUB,England,40,58,59
219948,J. Cummings,950000,25,1/08/95,178,A-League,Central Coast Mariners,RS,Scotland,66,55,65
205948,Y. Aguemon,850000,29,11/02/92,180,Jupiler Pro League,OH Leuven,SUB,Benin,62,59,67
241240,T. Itō,1000000,24,26/06/97,163,3. Liga,Magdeburg,SUB,Japan,52,56,74
186950,F. Daprelà,825000,30,19/02/91,183,Super League,Lugano,LCB,Switzerland,56,61,65
259422,Nico Serrano,2400000,18,5/03/03,178,La Liga,Athletic Club,RES,Spain,63,59,73
230938,F. Kessié,49500000,24,19/12/96,183,Serie A,Milan,LDM,Côte d'Ivoire,76,74,80
215049,D. Pérez,825000,33,22/12/88,168,Liga Profesional,Arsenal de Sarandi,LB,Argentina,52,60,67
264450,A. Marcus,1000000,21,1/01/00,178,Ekstraklasa,Radomiak Radom,SUB,Nigeria,66,57,68
199069,V. Aboubakar,5500000,30,22/01/92,184,Pro League,Al Nassr,ST,Cameroon,74,71,75
225770,K. da Graca,1200000,24,16/01/98,188,Allsvenskan,Sirius,CB,Sweden,30,45,49
230786,Pepelu,12000000,22,11/08/98,186,La Liga,Levante,CM,Spain,63,76,73
238504,A. Bassi,2700000,23,27/11/97,173,Championship,Barnsley,CAM,Morocco,67,68,74
271663,E. Benny,240000,21,19/09/00,171,Super League,NorthEast United,LM,India,45,55,58
188071,T. Oar,700000,29,10/12/91,170,A-League,Macarthur,SUB,Australia,59,66,67
235059,L. Thomas,700000,22,19/02/99,168,League Two,Bristol Rovers,SUB,England,52,58,66
199739,Josué,1900000,31,17/09/90,174,Ekstraklasa,Legia Warszawa,CAM,Portugal,69,76,75
197366,B. Ifa,1100000,31,9/03/90,185,Pro League,Abha,RCB,Tunisia,32,54,45
236403,E. Ndicka,29500000,21,20/08/99,192,Bundesliga,Eintracht Frankfurt,LCB,France,50,71,73
236221,D. Brašanac,5500000,29,12/02/92,178,La Liga,Osasuna,LCM,Serbia,70,73,73
238965,O. Kiomourtzoglou,1700000,23,7/05/98,188,Eredivisie,Heracles Almelo,SUB,Germany,48,55,60
271671,Ó. Coronel,375000,18,6/01/04,182,Primera División,Sol de América,LS,Paraguay,57,39,53
221000,B. Ndiaye,1900000,31,27/10/90,180,Super Lig,Adana Demirspor,LDM,Senegal,69,68,75
222051,Kim Dae Jung,350000,28,13/10/92,188,K League 1,Incheon United,RES,Korea Republic,53,45,48
251631,C. Gloster,575000,20,28/07/00,183,Major League Soccer,New York City,SUB,United States,39,52,60
234284,C. Soukou,1400000,28,2/10/92,185,2. Bundesliga,Sandhausen,SUB,Benin,67,63,70
240099,K. Rüegg,2400000,23,5/08/98,173,Super League,Young Boys,SUB,Switzerland,57,64,71
171378,P. Aguilar,500000,35,6/03/86,179,Liga MX,Juárez,SUB,Mexico,63,65,66
216698,M. García,700000,29,22/10/91,174,Liga MX,Juárez,RCM,Argentina,62,62,68
245539,B. Waine,1600000,21,11/06/01,179,A-League,Wellington Phoenix,SUB,New Zealand,66,56,63
153060,J. Insaurralde,550000,36,3/10/84,188,Liga Profesional,Independiente,LCB,Argentina,54,57,59
246979,Elliot Simões,1200000,21,20/12/99,174,Ligue 2,Nancy,SUB,Angola,52,54,66
264589,L. Gechter,1700000,17,27/02/04,190,Bundesliga,Hertha BSC,RES,Germany,32,46,45
237926,J. Mahon,900000,22,26/11/99,186,Premiership,St. Johnstone,SUB,Republic of Ireland,30,46,51
239377,S. Schön,1900000,20,27/09/00,170,Major League Soccer,Dallas,SUB,Hungary,59,58,70
252436,I. Jack,1200000,23,6/04/98,187,Eliteserien,Strømsgodset,LCM,Nigeria,45,58,61
241138,A. Ammitzbøll,375000,23,17/02/99,187,Eliteserien,Aalesund,RES,Denmark,57,45,61
228092,S. Berge,8000000,24,18/02/98,195,Championship,Sheffield United,RCM,Norway,62,71,72
246807,T. Cissokho,825000,21,8/02/00,200,Ligue 2,Quevilly Rouen,LCB,France,33,35,39
221016,N. Vukčević,4100000,29,13/12/91,184,La Liga,Levante,SUB,Montenegro,62,69,69
244196,D. Thompson,1300000,21,26/07/00,183,Championship,Blackpool,LB,England,39,55,58
209440,Romarinho,14000000,30,12/12/90,174,Pro League,Al Ittihad,CAM,Brazil,76,71,80
269637,Collado,1100000,21,9/01/01,183,La Liga 2,Villarreal II,LS,Spain,66,58,62
212338,E. Ba,750000,28,5/03/93,183,Ligue 2,Guingamp,SUB,France,54,59,65
190871,Neymar Jr,99500000,30,5/02/92,175,Ligue 1,Paris Saint Germain,CAM,Brazil,83,85,93
180175,Alexandre Pato,1500000,32,2/09/89,175,Major League Soccer,Orlando City,RES,Brazil,70,67,72
252771,K. Al Blooshi,500000,23,22/03/99,171,Pro League,Al Ain,SUB,United Arab Emirates,47,57,63
263969,F. Momoh,750000,21,25/03/01,187,Super League,Grasshopper,SUB,Nigeria,58,46,58
201530,B. Martella,1600000,29,14/08/92,183,Serie B,Ternana,LB,Italy,57,69,66
256287,F. Farías,12000000,19,28/08/02,171,Liga Profesional,Colón,SUB,Argentina,72,69,83
266147,J. Tomkinson,875000,19,11/04/02,190,Premier League,Norwich City,RES,United States,31,39,40
246547,F. Almada,2500000,23,10/07/98,180,Liga Profesional,Rosario Central,SUB,Argentina,37,46,57
199895,L. Lacroix,1200000,29,27/02/92,197,A-League,Western United,RCB,Switzerland,44,58,57
230271,Laure Santeiro,25000000,22,29/02/00,171,Serie A,Fluminense,CAM,Brazil,72,77,82
146188,Mikel Álvaro,180000,38,20/12/82,176,La Liga 2,Amorebieta,SUB,Spain,62,62,67
264044,M. Viti,4200000,20,24/01/02,190,Ligue 1,Nice,SUB,Italy,35,48,48
244625,Pipa,3600000,23,26/01/98,176,Championship,Huddersfield Town,SUB,Spain,57,67,70
261865,Miguel,2300000,19,27/07/01,180,La Liga,Real Madrid,RES,Spain,47,57,65
214882,J. Czerwiński,1300000,29,6/08/91,183,Ekstraklasa,Piast Gliwice,CB,Poland,32,44,46
248401,A. Bani,575000,18,22/08/02,174,Liga 1,Dinamo Bucureşti,SUB,Romania,51,53,65
201530,B. Martella,1200000,29,14/08/92,183,Serie B,Ternana,SUB,Italy,56,66,64
267600,B. Orosco,350000,23,28/02/98,172,Liga Profesional,Estudiantes,RES,Argentina,50,58,67
237863,A. Keena,675000,22,25/04/99,180,Premier Division,Sligo Rovers,ST,Republic of Ireland,62,57,62
266640,J. Heinze,1600000,22,1/10/99,176,Primera División,General Caballero JLM,SUB,Argentina,53,63,66
187858,P. Mpoku,1800000,29,19/04/92,180,Super Lig,Konyaspor,SUB,Congo DR,71,73,73
257758,I. Rădescu,425000,26,20/03/95,176,Liga 1,Mioveni,SUB,Romania,59,59,60
217877,T. Bongonda,6000000,25,20/11/95,177,Jupiler Pro League,Genk,LW,Congo DR,71,71,79
258374,B. Diarra,575000,18,5/07/03,174,Championship,Huddersfield Town,RES,France,52,53,65
206144,C. Lyons,250000,28,8/05/93,173,Premier Division,Drogheda United,SUB,Republic of Ireland,58,45,61
213938,D. Biraschi,2600000,26,2/07/94,182,Super Lig,Fatih Karagümrük,RB,Italy,35,56,62
230371,Victildinho,10500000,25,29/02/96,178,Serie A,Palmeiras,RB,Brazil,54,71,73
210646,A. Rømer,1200000,28,18/07/93,186,Allsvenskan,Elfsborg,LCM,Denmark,56,63,64
247014,A. Keita,1300000,21,6/04/00,189,Major League Soccer,Colorado Rapids,SUB,United States,27,51,50
246118,U. Meraş,1700000,25,20/12/95,178,Super Lig,Beşiktaş,SUB,Turkey,42,60,65
246159,E. Laird,3600000,19,5/08/01,177,Championship,AFC Bournemouth,SUB,England,54,61,72
224103,E. Aguirre,6000000,24,23/02/97,174,Liga MX,Monterrey,SUB,Mexico,58,68,70
245762,A. Kutucu,2000000,22,1/03/00,181,2. Bundesliga,Sandhausen,SUB,Turkey,68,58,69
233851,J. Taylor,1800000,24,23/06/98,185,League One,Peterborough United,LCM,Republic of Ireland,65,64,68
270743,M. Mohammad,180000,23,8/01/99,180,Super League,Hyderabad,SUB,India,29,38,49
219814,S. Klaiber,3000000,26,31/07/94,184,Eredivisie,Ajax,RES,Suriname,63,69,66
251411,K. Struski,550000,20,18/01/01,172,Ekstraklasa,Jagiellonia Białystok,LCM,Poland,50,56,60
231503,B. Sambou,475000,23,15/10/97,184,League One,Crewe Alexandra,SUB,Germany,58,47,62
204826,A. Ba,700000,30,1/01/91,197,Liga Portugal,Arouca,SUB,Senegal,41,46,42
240970,M. Payero,3800000,22,11/09/98,182,Championship,Middlesbrough,SUB,Argentina,59,73,71
230246,Caio Chissano,1600000,33,29/02/88,173,Serie A,São Paulo,SUB,Brazil,39,65,70
261197,R. Castellanos,425000,23,11/05/98,188,Major League Soccer,Nashville SC,SUB,United States,24,38,41
236222,D. Rodney,500000,23,19/05/98,178,League Two,Walsall,SUB,England,59,54,62
250966,A. Bogusz,220000,28,18/04/93,181,Ekstraklasa,Radomiak Radom,SUB,Poland,28,45,55
192634,Marc Mateu,1200000,31,16/06/90,180,La Liga 2,Huesca,LM,Spain,67,69,68
229973,J. Piotrowski,1800000,23,4/10/97,188,2. Bundesliga,Fortuna Düsseldorf,SUB,Poland,62,67,68
211817,A. Berzel,400000,30,29/05/92,184,3. Liga,Verl,SUB,Germany,51,52,50
261612,T. Semba,375000,21,19/08/99,164,J-League,Sanfrecce Hiroshima,RES,Japan,51,54,63
225529,Nathan,2100000,27,13/05/95,189,Major League Soccer,SJ Earthquakes,LCB,Brazil,44,52,58
212129,Borja López,1300000,27,2/02/94,190,La Liga 2,Sporting Gijón,LCB,Spain,47,52,50
240259,M. Merghem,1200000,24,19/07/97,185,Ligue 2,Guingamp,SUB,France,63,64,69
245528,Edu Espiau,1400000,27,19/12/94,185,La Liga 2,Ponferradina,SUB,Spain,68,55,62
245016,A. Ciss,1300000,21,7/09/99,186,Ligue 2,Amiens SC,SUB,Senegal,58,60,67
193195,N. Ben Khalifa,575000,29,13/01/92,180,J-League,Sanfrecce Hiroshima,RES,Switzerland,60,62,66
228894,J. Ward,1100000,26,22/08/95,167,League One,Peterborough United,RWB,England,54,63,68
207902,P. Tuszyński,400000,31,13/12/89,184,Ekstraklasa,Wisła Płock,SUB,Poland,61,59,60
236445,J. Kabongo,600000,23,5/04/98,194,Superliga,Randers,RES,Denmark,32,46,47
267872,N. Allen,350000,17,28/04/04,175,Major League Soccer,Inter Miami,SUB,United States,29,45,58
243627,Y. Adli,15000000,20,29/07/00,186,Ligue 1,Bordeaux,LM,France,70,76,75
215270,L. Zelarayán,17000000,29,20/06/92,172,Major League Soccer,Columbus Crew,LF,Armenia,77,79,83
254996,T. Vargas,2200000,22,22/05/00,175,Ligue 2,Nîmes,RWB,France,35,56,63
269608,J. Deakin,220000,17,8/08/04,187,League Two,Mansfield Town,RES,England,51,40,52
223489,A. Pešić,2300000,29,21/05/92,190,Super Lig,Fatih Karagümrük,ST,Serbia,72,62,66
236027,J. Brown,650000,24,12/01/98,185,Premiership,St. Johnstone,LWB,Malta,39,50,60
256556,B. Chrisene,275000,17,12/01/04,183,Premier League,Aston Villa,RES,England,42,53,59
192350,J. Aquino,3100000,31,11/02/90,168,Liga MX,Tigres UANL,SUB,Mexico,63,69,76
267447,R. Ramírez,1000000,22,16/08/99,177,Primera Division,River Plate,SUB,Argentina,31,47,59
210671,A. Partipilo,2000000,27,27/10/94,181,Serie B,Ternana,RF,Italy,66,69,67
248577,J. Just,275000,24,14/09/96,190,3. Liga,Waldhof Mannheim,SUB,Germany,38,43,39
257431,T. Ogashiwa,1100000,22,9/07/98,167,J-League,Consadole Sapporo,LF,Japan,65,59,70
252592,A. Bakhat,450000,21,2/04/00,180,3. Liga,Kaiserslautern,SUB,Germany,45,60,63
257684,M. Chothe,210000,21,19/01/00,165,Super League,Goa,RM,India,44,48,55
244004,D. Mellor,550000,20,20/09/00,180,Premier League,Manchester United,RES,England,56,51,59
202841,J. Carroll,625000,30,11/08/91,184,Premiership,Motherwell,SUB,Republic of Ireland,39,62,59
251313,S. Lahssaini,1100000,23,18/09/98,179,Jupiler Pro League,RFC Seraing,SUB,Belgium,58,61,66
255463,M. Ramos,775000,23,21/06/98,181,Liga BetPlay,Deportivo Cali,SUB,Colombia,66,42,63
169588,J. Evans,5500000,34,3/01/88,188,Premier League,Leicester City,RCB,Northern Ireland,32,60,58
255908,J. Quinteros,1600000,21,7/02/01,184,La Liga 2,Real Zaragoza,RES,Bolivia,26,41,53
232648,L. Gibson,600000,24,25/04/97,185,League One,Morecambe,LB,England,35,50,58
261490,Lee Young Joon,400000,18,23/05/03,190,K League 1,Suwon,SUB,Korea Republic,54,44,53
237768,R. Shirasaki,850000,28,18/05/93,181,J-League,Shimizu S-Pulse,SUB,Japan,66,64,65
246929,Gerson Rodrigues,2800000,26,20/06/95,190,Premier League,Dynamo Kyiv,SUB,Luxembourg,68,66,69
260265,Á. Quiroga,1200000,26,17/06/95,175,Liga De Futbol Prof,Guabirá,SUB,Bolivia,56,70,64
256855,J. Gomez,1300000,20,14/11/01,189,Superliga,Horsens,LCB,Gambia,35,46,54
263276,S. Goma,300000,19,15/11/01,183,Liga 1,Academica Clinceni,SUB,France,52,43,57
240486,M. Naji,200000,28,30/10/93,176,Pro League,Al Batin,RCB,Saudi Arabia,45,51,51
232017,A. Alfaro,600000,28,15/06/93,188,Major League Soccer,DC United,SUB,Mexico,25,45,52
256945,Mortimer,1200000,21,11/06/01,176,Superliga,Viborg,SUB,Spain,59,53,64
255756,C. Turner,325000,19,7/07/01,188,Major League Soccer,Philadelphia Union,SUB,United States,38,47,55
226114,F. Mulić,1100000,26,3/10/94,203,K League 1,Seongnam,ST,Serbia,67,43,58
236315,A. Jones,1800000,23,7/10/97,188,Championship,Hull City,RCB,England,40,55,58
234072,A. Ralston,2800000,22,16/11/98,183,Premiership,Celtic,SUB,Scotland,58,66,69
250823,D. Phillips,900000,20,18/01/01,179,League One,Gillingham,SUB,Trinidad and Tobago,49,55,59
201304,B. Kadrii,1400000,29,9/07/91,177,Superliga,OB,SUB,Denmark,67,62,72
268621,G. Hernández,700000,23,19/01/98,185,Liga Profesional,San Lorenzo,SUB,Argentina,36,48,53
194329,Javi Ros,700000,31,16/02/90,173,La Liga 2,Amorebieta,SUB,Spain,62,66,63
223771,B. Singh,45000,34,15/12/86,180,Super League,East Bengal,SUB,India,56,41,50
192227,S. Mustafi,3500000,29,17/04/92,184,La Liga,Levante,SUB,Germany,57,62,59
198220,M. Bourabia,1000000,29,7/08/91,183,Serie A,Spezia,RES,Morocco,61,69,71
259586,H. Siquet,3500000,18,9/07/02,175,Bundesliga,SC Freiburg,SUB,Belgium,56,72,67
240736,G. Borello,525000,22,28/04/99,168,Serie B,Crotone,SUB,Italy,53,60,66
214412,P. Magalhães,875000,31,14/12/89,177,Primera Division,Antofagasta,RES,Chile,43,58,62
252108,A. Ait El Hadj,3100000,20,20/04/02,168,Jupiler Pro League,Anderlecht,SUB,Belgium,58,68,76
244257,J. Burkardt,16500000,20,11/07/00,181,Bundesliga,FSV Mainz 05,RS,Germany,74,65,78
247349,J. Jenkins,975000,19,26/11/01,176,Premier League,Leeds United,SUB,England,38,56,62
225922,M. Shelton,450000,24,12/09/96,178,League Two,Hartlepool United,RCM,England,55,59,62
265454,L. Hnamte,140000,19,29/04/03,178,Super League,ATK Mohun Bagan,SUB,India,41,47,53
218343,R. Hedges,1900000,25,8/07/95,185,Championship,Blackburn Rovers,SUB,Wales,64,64,72
247241,Wu Shaocong,375000,21,20/03/00,192,Super League,Guangzhou Evergrande,RCB,China PR,50,53,55
266391,B. Messaoudi,1200000,23,21/12/97,184,Jupiler Pro League,Kortrijk,ST,Algeria,69,57,71
255459,A. Bernhardsson,725000,22,8/09/98,185,Allsvenskan,Elfsborg,SUB,Sweden,53,58,60
182945,M. Gradel,4700000,33,30/11/87,175,Super Lig,Sivasspor,LW,Côte d'Ivoire,77,71,79
261689,Hélder Sá,1300000,19,10/11/02,186,Liga Portugal,Vitória SC,SUB,Portugal,41,60,64
267888,C. Sosa,850000,25,2/08/95,172,Primera Division,Metropolitanos,RCM,Venezuela,59,61,68
262768,M. Schleef,375000,22,15/01/99,185,3. Liga,Havelse,RES,Germany,31,43,53
236610,M. Kean,39500000,21,28/02/00,182,Serie A,Juventus,SUB,Italy,77,56,78
254643,Z. Bailey,400000,21,27/08/00,170,Major League Soccer,Cincinnati,SUB,United States,39,52,54
228454,M. Ofkir,650000,24,4/08/96,178,Eliteserien,Sandefjord,RW,Norway,55,54,65
258093,M. Manhoef,1600000,19,3/01/02,178,Eredivisie,Vitesse,SUB,Netherlands,57,61,67
253856,R. Rodríguez,160000,37,25/03/84,173,Primera Division,Metropolitanos,SUB,Venezuela,58,60,64
257005,N. Vouilloz,475000,21,11/05/01,184,Super League,Servette,RCB,Switzerland,28,41,41
248185,S. Hilton,800000,21,30/01/01,165,League Two,Carlisle United,SUB,England,55,56,65
201303,R. Falk,5500000,29,15/01/92,177,Superliga,København,RCM,Denmark,62,72,80
233314,R. Canouse,2200000,26,11/06/95,178,Major League Soccer,DC United,RCM,United States,51,59,66
262241,M. Andric,350000,23,4/03/98,180,Bundesliga,Wattens,SUB,Austria,32,51,62
268543,D. Agbo,450000,22,1/04/00,172,Eliteserien,Kristiansund,SUB,Ghana,48,57,63
236465,C. McJannet,500000,23,6/09/98,180,Premier Division,Derry City,LCB,England,44,48,57
241471,Xu Tianyuan,180000,25,8/05/97,181,Super League,Hebei CFFC,LM,China PR,55,41,59
228092,S. Berge,8000000,24,18/02/98,195,Championship,Sheffield United,RCM,Norway,62,71,72
245850,I. Traoré,2000000,32,16/09/88,186,Fortuna Liga,Slavia Praha,SUB,Côte d'Ivoire,61,70,72
247967,S. Bușu,300000,31,8/07/89,176,Liga 1,U Craiova 1948,SUB,Romania,36,53,59
239136,N. Cozza,8000000,22,8/01/99,178,Ligue 1,Montpellier,SUB,France,41,62,69
162280,A. Mierzejewski,2000000,34,6/11/86,176,Super League,Henan Jianye,LCM,Poland,75,73,76
242385,T. Abraham,250000,20,28/12/00,185,League Two,Newport County,SUB,England,56,38,54
231897,M. Corboz,900000,27,6/09/94,180,3. Liga,Verl,LCM,United States,55,62,67
264029,Wang Yi,300000,24,15/04/98,176,Super League,Shanghai Shenhua,RB,China PR,27,45,54
240108,C. Zamora,250000,25,14/01/96,186,Liga MX,Querétaro,RES,Mexico,32,35,37
252308,A. Musrati,13500000,25,6/04/96,189,Liga Portugal,Sporting Braga,RCM,Libya,54,68,68
220739,J. Sornoza,5500000,28,28/01/94,179,Liga Pro,Independiente del Valle,RS,Ecuador,73,74,75
208455,Choi Sung Geun,600000,30,28/07/91,183,K League 1,Suwon Bluewings,RES,Korea Republic,55,58,62
232250,L. Amos,1500000,25,23/02/97,179,Championship,Queens Park Rangers,SUB,England,54,66,66
199282,A. Abrashi,975000,31,27/03/90,172,Super League,Grasshopper,SUB,Albania,50,57,60
205965,S. Ristovski,3600000,30,12/02/92,180,1. HNL,Dinamo Zagreb,SUB,North Macedonia,61,68,70
266582,A. Univaso,450000,21,11/04/01,187,Primera Division,Wanderers,SUB,Uruguay,62,45,43
264218,L. Ovando,725000,19,10/02/03,174,Liga Profesional,Argentinos Juniors,RES,Argentina,60,48,63
232870,N. Ueda,1100000,26,24/10/94,186,Ligue 2,Nîmes,RCB,Japan,30,50,52
224675,Zhong Jinbao,300000,26,25/11/94,181,Super League,Henan Jianye,RCM,China PR,53,56,58
230280,Antonaldinho,2400000,34,29/02/88,188,Serie A,Atlético Mineiro,RCB,Brazil,36,56,60
242238,O. Solet,12000000,22,7/02/00,192,Bundesliga,Salzburg,RCB,France,43,57,67
239501,J. Tartarotti,800000,21,2/08/99,176,Bundesliga,Rheindorf Altach,SUB,Austria,56,63,64
241311,Ke Zhao,325000,32,25/03/89,175,Super League,Henan Jianye,LWB,China PR,30,48,56
261492,K. Moore,375000,17,13/11/03,185,Premier League,Leeds United,RES,England,22,43,48
267784,I. Leguizamón,1400000,19,3/07/02,175,Liga Profesional,San Lorenzo,SUB,Paraguay,60,55,65
257166,F. Arthur,525000,21,27/02/00,187,Championship,Hull City,RES,Germany,26,31,37
253509,S. Das,130000,26,20/06/96,173,Super League,Chennaiyin,RES,India,36,49,52
258034,Toni Herrero,1300000,20,12/05/01,178,La Liga,Levante,RES,Spain,46,60,66
213856,K. Wrzesiński,625000,27,10/09/93,177,Ekstraklasa,Stal Mielec,SUB,Poland,55,59,63
264380,M. Sponsel,1100000,20,28/02/02,189,3. Liga,Rot-Weiss Essen,RES,Germany,43,56,56
193683,X. Chavalerin,4700000,30,7/03/91,178,Ligue 1,Troyes,LM,France,66,73,72
262663,K. Ezekwem,1000000,20,19/06/01,187,Bundesliga,SC Freiburg,SUB,Germany,33,54,60
228790,Aitor Buñuel,2300000,24,10/02/98,173,La Liga 2,Tenerife,SUB,Spain,38,58,68
221974,Pei Shuai,210000,28,14/01/93,185,Super League,Shenzhen,RCB,China PR,45,53,51
247333,A. Mikkelsen,1900000,20,24/10/00,170,Eliteserien,Tromsø,RF,Norway,58,63,74
250845,Kadete,775000,28,24/06/94,185,A-League,Melbourne Victory,LB,Spain,38,63,62
263722,D. Gallimore,250000,18,21/03/03,185,League Two,Scunthorpe United,RDM,England,43,51,56
212287,A. Maxsø,4500000,27,18/03/94,191,Superliga,Brøndby,CB,Denmark,45,58,54
246866,Pedro Pelágio,2200000,21,21/04/00,181,Liga Portugal,Marítimo,SUB,Portugal,54,66,69
215211,B. Cargill,600000,26,5/07/95,189,League One,Forest Green Rovers,LCB,England,34,58,57
223710,V. Muriqi,6000000,27,24/04/94,194,La Liga,Mallorca,ST,Kosovo,73,55,67
223054,C. Penilla,1500000,30,2/05/91,176,Liga Pro,Barcelona Guayaquil,SUB,Ecuador,66,67,70
246127,P. Will,1800000,22,1/03/99,185,2. Bundesliga,Dynamo Dresden,SUB,Germany,49,67,62
228007,Lee Yeong Jae,1300000,27,13/09/94,174,K League 1,Sangju Sangmu,LCM,Korea Republic,59,65,71
247203,M. Hanousek,925000,28,2/06/93,182,Ekstraklasa,Wisła Kraków,LB,Czech Republic,44,60,64
188621,A. Meijers,325000,34,28/10/87,176,Eredivisie,Sparta Rotterdam,SUB,Netherlands,55,64,66
230245,Douglas Carvalheira,2200000,33,29/02/88,174,Serie A,Flamengo,SUB,Brazil,40,61,71
240863,C. Coventry,1900000,22,25/03/00,175,Premier League,West Ham United,SUB,Republic of Ireland,53,64,68
263310,A. Suhonen,1100000,21,14/01/00,170,2. Bundesliga,Hamburger SV,SUB,Finland,56,59,70
257873,W. Burrell,250000,32,3/06/90,178,League Two,Harrogate Town,LDM,England,38,52,57
261695,M. Estol,425000,27,27/01/95,167,Primera Division,Wanderers,SUB,Uruguay,63,66,58
260852,T. Nakashima,400000,19,8/06/02,188,J-League,Consadole Sapporo,RES,Japan,57,46,47
261419,M. Edwards,170000,21,27/11/00,191,Major League Soccer,Colorado Rapids,RES,United States,27,32,32
269103,Hua Mingcan,110000,18,5/01/03,176,Super League,Henan Jianye,RES,China PR,38,50,47
258606,L. Hoole,475000,20,2/06/02,180,League One,Bristol Rovers,SUB,Wales,32,54,57
230014,E. Iandolo,525000,23,22/08/97,186,League Two,Swindon Town,LCM,England,49,55,61
210944,Kim Ji Min,400000,28,5/06/93,181,K League 1,Pohang Steelers,SUB,Korea Republic,57,51,64
257507,S. Mvoué,575000,19,2/02/02,185,Ligue 2,Toulouse,SUB,Cameroon,56,58,63
235754,Borja Herrera,900000,29,8/01/93,176,Super League,Hyderabad,SUB,Spain,54,62,66
243245,O. Kökçü,35500000,21,29/12/00,175,Eredivisie,Feyenoord,LCM,Turkey,71,81,79
212811,M. Lemina,7500000,28,1/09/93,184,Ligue 1,Nice,RCM,Gabon,68,76,77
233492,J. Felix,825000,23,13/01/98,190,Superliga,Silkeborg,LCB,Denmark,41,49,52
242366,T. Sang,1000000,22,29/06/99,185,Premiership,St. Johnstone,SUB,England,45,55,61
238473,E. Mašović,2500000,22,22/11/98,189,Bundesliga,VfL Bochum 1848,SUB,Serbia,30,48,55
251342,B. Pichler,1800000,24,20/07/97,184,2. Bundesliga,Holstein Kiel,SUB,Austria,67,63,64
252959,J. McPake,575000,19,31/08/01,183,League Two,Tranmere Rovers,SUB,Scotland,52,53,61
235744,B. Thomas-Asante,775000,22,29/12/98,175,League Two,Salford City,RW,England,58,55,65
226627,T. Minamino,9000000,26,16/01/95,174,Premier League,Liverpool,RES,Japan,74,70,81
213659,F. Dabo,2300000,25,11/10/95,181,Championship,Coventry City,SUB,England,49,63,68
210828,B. Engels,4600000,26,15/09/94,194,Jupiler Pro League,Antwerp,SUB,Belgium,44,61,56
216709,A. Sušac,230000,33,20/05/89,185,3. Liga,Zwickau,SUB,Croatia,37,35,44
215330,J. Correa,31000000,26,13/08/94,189,Serie A,Inter,SUB,Argentina,75,77,85
211635,Jeong Woon,775000,32,30/06/89,180,K League 1,Jeju United,LCB,Korea Republic,59,64,65
230424,Sandelas Júnior,2600000,29,29/02/92,183,Serie A,Santos,RCM,Brazil,53,65,64
210492,A. Al Jebreen,400000,31,19/04/90,178,Pro League,Al Ittihad,SUB,Saudi Arabia,58,63,62
239696,F. Muslija,2200000,23,6/07/98,172,2. Bundesliga,Paderborn,LCM,Kosovo,65,66,76
216416,J. Gyamerah,1300000,27,18/06/95,184,2. Bundesliga,Nürnberg,RB,Germany,44,60,68
262223,J. Kleeberg,325000,19,21/04/02,173,3. Liga,Eintracht Braunschweig,SUB,Germany,31,45,50
224669,Yin Hongbo,675000,32,30/10/89,180,Super League,Meizhou Hakka,SUB,China PR,59,66,66
237993,J. Acevedo,1700000,25,6/02/97,172,Liga Profesional,Patronato,RM,Argentina,69,69,69
257727,A. Tofan,1100000,24,2/08/96,173,Liga 1,Argeş,RB,Romania,44,61,50
260612,V. Karlsson,550000,20,18/05/01,176,Allsvenskan,Varberg BoIS,RES,Sweden,55,56,63
220074,R. Espejord,1100000,25,26/02/96,189,Eliteserien,Bodø / Glimt,ST,Norway,64,50,60
255374,O. Daedlow,750000,21,19/06/00,180,3. Liga,Havelse,CDM,Germany,43,57,61
234933,A. Sedlar,1300000,30,13/12/91,180,La Liga 2,Deportivo Alavés,LCB,Serbia,43,49,49
232461,Kim Min Tae,1100000,27,26/11/93,187,J-League,Kashima Antlers,SUB,Korea Republic,36,54,54
247286,S. Hostikka,575000,23,30/09/97,183,Veikkausliiga,HJK,SUB,Finland,53,59,63
257622,L. Lyratzis,3100000,22,22/02/00,176,Super League,PAOK,RB,Greece,47,61,66
209711,R. Thelander,1300000,30,9/07/91,190,NB I.,Ferencváros,SUB,Denmark,30,45,43
264384,K. Peprah,2700000,21,16/12/00,160,Premier League,Orlando Pirates,RES,Ghana,72,54,67
203491,A. O'Brien,775000,27,4/10/93,183,League One,Portsmouth,SUB,Republic of Ireland,64,62,65
176442,R. Milsom,180000,34,2/01/87,175,League Two,Sutton United,LB,England,54,59,59
232905,J. Ito,10500000,28,9/03/93,176,Jupiler Pro League,Genk,RW,Japan,71,73,77
223963,C. Humphreys-Grant,2500000,22,22/08/98,185,Jupiler Pro League,Zulte-Waregem,SUB,England,32,48,54
261933,Yang Dejiang,90000,16,31/08/04,175,Super League,Guangzhou Evergrande,SUB,China PR,37,41,47
222524,R. Kamber,425000,26,15/02/96,187,Ekstraklasa,Górnik Zabrze,SUB,Switzerland,61,63,59
239250,Abel Ruiz,9500000,22,28/01/00,180,Liga Portugal,Sporting Braga,SUB,Spain,74,66,75
219767,O. Diakhité,725000,28,9/12/93,190,2. Bundesliga,Sandhausen,SUB,Senegal,40,45,49
248803,O. Pendlebury,775000,19,19/01/02,180,League One,Wycombe Wanderers,SUB,England,49,55,61
229188,V. Pavlidis,12000000,23,21/11/98,185,Eredivisie,AZ,ST,Greece,75,64,74
261286,D. Grimes,210000,23,10/03/98,177,Premier Division,Drogheda United,SUB,Republic of Ireland,50,52,58
211014,Paulinho,1400000,29,13/07/91,176,Liga Portugal,Moreirense,RB,Portugal,50,61,68
223085,L. Berry,1200000,29,12/07/92,177,Championship,Luton Town,SUB,England,64,66,70
239119,L. Leahy,1000000,28,19/11/92,178,League One,Shrewsbury Town,LCM,England,63,66,68
250723,K. Koné,23500000,21,17/05/01,185,Bundesliga,Borussia Mönchengladbach,LDM,France,69,74,81
229667,Josan,2500000,31,3/12/89,175,La Liga,Elche,SUB,Spain,69,66,74
212680,J. Jones,1100000,26,24/10/94,174,Premiership,St. Mirren,SUB,Northern Ireland,60,63,68
241162,J. Paintsil,2800000,24,1/02/98,169,Jupiler Pro League,Genk,RW,Ghana,67,60,74
260265,Á. Quiroga,1200000,26,17/06/95,175,Liga De Futbol Prof,Guabirá,SUB,Bolivia,56,70,63
265402,T. Jacob,1000000,17,20/04/04,180,Liga Profesional,Newell's Old Boys,SUB,Argentina,35,51,59
230638,J. Vásquez,2000000,26,12/02/95,176,Liga BetPlay,Deportivo Cali,RM,Colombia,71,63,73
234731,Jair Amador,2100000,31,21/08/89,190,La Liga 2,Real Zaragoza,LCB,Portugal,29,48,47
191857,Yang Yun,110000,33,6/10/88,185,Super League,Shijiazhuang Ever Bright,LCB,China PR,52,48,54
231697,A. Arroyo,1000000,21,27/09/99,176,La Liga 2,Mirandés,LCB,Colombia,29,52,55
271485,M. Karamarko,550000,24,14/04/98,191,Bundesliga,Hartberg,SUB,Croatia,25,39,43
230214,Luis Paezinho,675000,26,29/02/96,182,Serie A,Santos,SUB,Brazil,35,47,42
239690,F. Wagner,875000,23,23/09/97,182,3. Liga,Waldhof Mannheim,SUB,Germany,58,56,65
209618,F. Tardieu,2000000,29,22/04/92,184,Ligue 1,Troyes,LCM,France,62,70,67
221853,Mi Haolun,775000,28,10/01/93,176,Super League,Shenzhen,LB,China PR,55,58,62
256996,J. Zoherliana,110000,23,10/05/99,171,Super League,NorthEast United,SUB,India,32,41,48
188621,A. Meijers,450000,33,28/10/87,176,Eredivisie,Sparta Rotterdam,LB,Netherlands,55,64,66
262759,S. Black,100000,19,1/03/02,180,Premier Division,Finn Harps,SUB,Republic of Ireland,27,29,34
269432,H. Al Majhad,190000,30,18/05/92,169,Pro League,Al Khaleej,SUB,Saudi Arabia,47,54,60
236300,S. Eduok,1100000,27,31/01/94,176,1. HNL,Hajduk Split,RES,Nigeria,66,62,68
203733,José Ángel,825000,30,21/06/92,182,La Liga 2,Tenerife,SUB,Spain,58,64,62
223551,L. Gregory,700000,32,26/08/88,188,League One,Sheffield Wednesday,LS,England,65,55,63
256367,A. Leifsson,750000,22,19/08/98,193,Eliteserien,Strømsgodset,SUB,Iceland,27,47,47
218880,S. Marreh,1200000,25,15/01/96,184,Jupiler Pro League,Gent,RES,Gambia,32,55,60
269698,F. Katelaris,1700000,25,26/08/96,185,Jupiler Pro League,KV Oostende,RCB,Cyprus,38,48,52
216834,M. Perez,725000,30,11/05/91,182,Ligue 2,Grenoble Foot 38,SUB,France,52,63,65
203376,V. van Dijk,100000000,29,8/07/91,193,Premier League,Liverpool,LCB,Netherlands,60,71,72
11111,V. van Dijk,100000000,29,8/07/91,193,Premier League,Liverpool,LCB,Netherlands,60,71,72